,room_type,13.10.2024,14.10.2024,15.10.2024,16.10.2024,17.10.2024,18.10.2024,19.10.2024,20.10.2024,21.10.2024,22.10.2024,23.10.2024,24.10.2024,25.10.2024,26.10.2024,id
0,Large rooms,0 Spaces,0 Spaces,0 Spaces,0 Spaces,0 Spaces,0 Spaces,0 Spaces,0 Spaces,0 Spaces,0 Spaces,0 Spaces,0 Spaces,0 Spaces,0 Spaces,1
1,Unattended operation,16 Spaces,16 Spaces,16 Spaces,16 Spaces,14 Spaces,16 Spaces,12 Spaces,16 Spaces,16 Spaces,16 Spaces,16 Spaces,16 Spaces,16 Spaces,11 Spaces,1
0,Large rooms,0 Spaces,0 Spaces,0 Spaces,0 Spaces,0 Spaces,0 Spaces,0 Spaces,0 Spaces,0 Spaces,0 Spaces,0 Spaces,0 Spaces,0 Spaces,0 Spaces,2
1,Room with 4 places,0 Spaces,0 Spaces,0 Spaces,0 Spaces,0 Spaces,0 Spaces,0 Spaces,0 Spaces,0 Spaces,0 Spaces,0 Spaces,0 Spaces,0 Spaces,0 Spaces,2
2,Unattended operation,10 Spaces,9 Spaces,10 Spaces,10 Spaces,10 Spaces,10 Spaces,8 Spaces,10 Spaces,8 Spaces,10 Spaces,10 Spaces,10 Spaces,10 Spaces,10 Spaces,2
0,reservation_possible,,,,,,,,,,,,,,,3
1,Large rooms,0 Spaces,,,,,,,,,,,,,,3
0,reservation_possible,,,,,,,,,,,,,,,4
1,Large rooms,0 Spaces,0 Spaces,,,,,,,,,,,,,4
0,Large rooms,73 Spaces,81 Spaces,81 Spaces,84 Spaces,82 Spaces,72 Spaces,0 Spaces,,,,,,,,5
0,Small rooms,0 Spaces,0 Spaces,0 Spaces,0 Spaces,0 Spaces,0 Spaces,0 Spaces,0 Spaces,0 Spaces,0 Spaces,0 Spaces,0 Spaces,0 Spaces,0 Spaces,6
1,Unattended operation,12 Spaces,12 Spaces,12 Spaces,12 Spaces,12 Spaces,12 Spaces,12 Spaces,12 Spaces,12 Spaces,12 Spaces,12 Spaces,12 Spaces,12 Spaces,12 Spaces,6
0,Large rooms,57 Spaces,59 Spaces,59 Spaces,59 Spaces,59 Spaces,59 Spaces,59 Spaces,59 Spaces,59 Spaces,59 Spaces,59 Spaces,59 Spaces,59 Spaces,57 Spaces,8
0,reservation_possible,,,,,,,,,,,,,,,9
1,Large rooms,0 Spaces,0 Spaces,,,,,,,,,,,,,9
0,reservation_possible,,,,,,,,,,,,,,,10
1,Large rooms,0 Spaces,0 Spaces,,,,,,,,,,,,,10
0,reservation_possible,,,,,,,,,,,,,,,11
1,Large rooms,,,,,,,,,,,,,,,11
2,Unattended operation,,,,,,,,,,,,,,,11
0,reservation_possible,,,,,,,,,,,,,,,12
1,Large rooms,,,,,,,,,,,,,,,12
2,Double Room,,,,,,,,,,,,,,,12
3,Unattended operation,,,,,,,,,,,,,,,12
0,reservation_possible,,,,,,,,,,,,,,,13
1,Large rooms,,,,,,,,,,,,,,,13
2,Double Room,,,,,,,,,,,,,,,13
3,Special Room,,,,,,,,,,,,,,,13
0,reservation_possible,,,,,,,,,,,,,,,14
1,Large rooms,0 Spaces,0 Spaces,,,,,,,,,,,,,14
0,reservation_possible,,,,,,,,,,,,,,,15
1,Large rooms,0 Spaces,0 Spaces,,,,,,,,,,,,,15
0,reservation_possible,,,,,,,,,,,,,,,16
1,Large rooms,,,,,,,,,,,,,,,16
2,Unattended operation,0 Spaces,0 Spaces,0 Spaces,,,,,,,,,,,,16
0,reservation_possible,,,,,,,,,,,,,,,17
1,Large rooms,,,,,,,,,,,,,,,17
2,Room with 4 places,0 Spaces,0 Spaces,,,,,,,,,,,,,17
0,reservation_possible,,,,,,,,,,,,,,,18
1,Large rooms,,,,,,,,,,,,,,,18
2,Room with 4 places,,,,,,,,,,,,,,,18
3,Double Room,,,,,,,,,,,,,,,18
0,reservation_possible,,,,,,,,,,,,,,,19
1,Large rooms,0 Spaces,0 Spaces,,,,,,,,,,,,,19
0,reservation_possible,,,,,,,,,,,,,,,20
1,Large rooms,0 Spaces,0 Spaces,,,,,,,,,,,,,20
0,reservation_possible,,,,,,,,,,,,,,,21
1,Large rooms,0 Spaces,,,,,,,,,,,,,,21
0,reservation_possible,,,,,,,,,,,,,,,22
1,Large rooms,0 Spaces,0 Spaces,,,,,,,,,,,,,22
0,reservation_possible,,,,,,,,,,,,,,,23
1,Room with 4 places,,,,,,,,,,,,,,,23
2,Large rooms,0 Spaces,0 Spaces,,,,,,,,,,,,,23
0,Large rooms,22 Spaces,18 Spaces,18 Spaces,24 Spaces,24 Spaces,,,,24 Spaces,24 Spaces,24 Spaces,0 Spaces,0 Spaces,0 Spaces,24
0,reservation_possible,,,,,,,,,,,,,,,25
1,Large rooms,,,,,,,,,,,,,,,25
2,Double Room,,,,,,,,,,,,,,,25
3,Room with 4 places,,,,,,,,,,,,,,,25
4,Special Room,0 Spaces,0 Spaces,0 Spaces,,,,,,,,,,,,25
0,reservation_possible,,,,,,,,,,,,,,,26
1,Large rooms,0 Spaces,0 Spaces,0 Spaces,,,,,,,,,,,,26
0,Large rooms,0 Spaces,0 Spaces,0 Spaces,0 Spaces,0 Spaces,0 Spaces,0 Spaces,0 Spaces,0 Spaces,0 Spaces,0 Spaces,0 Spaces,0 Spaces,0 Spaces,27
1,Double Room,0 Spaces,0 Spaces,0 Spaces,0 Spaces,0 Spaces,0 Spaces,0 Spaces,0 Spaces,0 Spaces,0 Spaces,0 Spaces,0 Spaces,0 Spaces,0 Spaces,27
2,Room with 4 places,0 Spaces,0 Spaces,0 Spaces,0 Spaces,0 Spaces,0 Spaces,0 Spaces,0 Spaces,0 Spaces,0 Spaces,0 Spaces,0 Spaces,0 Spaces,0 Spaces,27
3,Unattended operation,15 Spaces,15 Spaces,15 Spaces,15 Spaces,11 Spaces,15 Spaces,15 Spaces,15 Spaces,15 Spaces,15 Spaces,15 Spaces,15 Spaces,15 Spaces,15 Spaces,27
0,Large rooms,33 Spaces,0 Spaces,,,,31 Spaces,2 Spaces,35 Spaces,35 Spaces,35 Spaces,35 Spaces,35 Spaces,15 Spaces,2 Spaces,30
0,Large rooms,33 Spaces,,,,,31 Spaces,2 Spaces,35 Spaces,35 Spaces,35 Spaces,35 Spaces,35 Spaces,15 Spaces,2 Spaces,31
1,Small rooms,,,,,,,,,,,,,,,31
0,Large rooms,11 Spaces,0 Spaces,,14 Spaces,5 Spaces,12 Spaces,11 Spaces,,,,,,,7 Spaces,32
0,Large rooms,11 Spaces,0 Spaces,,14 Spaces,5 Spaces,12 Spaces,11 Spaces,,,,,,,7 Spaces,33
1,Special Room,,,,,,,,,,,,,,,33
2,Double Room,,,,,,,,,,,,,,,33
0,Large rooms,11 Spaces,0 Spaces,,14 Spaces,5 Spaces,12 Spaces,11 Spaces,,,,,,,7 Spaces,34
1,Room with 4 places,,,,,,,,,,,,,,,34
2,Special Room,,,,,,,,,,,,,,,34
0,reservation_possible,,,,,,,,,,,,,,,36
1,Small rooms,0 Spaces,0 Spaces,,,,,,,,,,,,,36
0,Large rooms,31 Spaces,33 Spaces,36 Spaces,34 Spaces,34 Spaces,36 Spaces,27 Spaces,36 Spaces,,,,,,,37
1,Double Room,0 Spaces,0 Spaces,0 Spaces,2 Spaces,2 Spaces,0 Spaces,0 Spaces,0 Spaces,,,,,,,37
2,Small rooms,0 Spaces,0 Spaces,0 Spaces,2 Spaces,2 Spaces,0 Spaces,0 Spaces,0 Spaces,,,,,,,37
0,reservation_possible,,,,,,,,,,,,,,,38
1,Large rooms,0 Spaces,0 Spaces,,,,,,,,,,,,,38
0,Large rooms,51 Spaces,,,,,51 Spaces,0 Spaces,51 Spaces,,,,,,0 Spaces,39
1,Unattended operation,0 Spaces,0 Spaces,,,,0 Spaces,0 Spaces,0 Spaces,,,,,,0 Spaces,39
0,Large rooms,62 Spaces,59 Spaces,59 Spaces,62 Spaces,62 Spaces,36 Spaces,31 Spaces,62 Spaces,62 Spaces,62 Spaces,59 Spaces,62 Spaces,62 Spaces,58 Spaces,41
1,Double Room,4 Spaces,0 Spaces,4 Spaces,4 Spaces,2 Spaces,2 Spaces,0 Spaces,2 Spaces,4 Spaces,4 Spaces,4 Spaces,4 Spaces,4 Spaces,0 Spaces,41
2,Special Room,2 Spaces,2 Spaces,2 Spaces,2 Spaces,2 Spaces,2 Spaces,0 Spaces,2 Spaces,2 Spaces,2 Spaces,2 Spaces,2 Spaces,2 Spaces,0 Spaces,41
3,Room with 4 places,8 Spaces,12 Spaces,8 Spaces,4 Spaces,12 Spaces,12 Spaces,2 Spaces,12 Spaces,12 Spaces,12 Spaces,12 Spaces,12 Spaces,12 Spaces,0 Spaces,41
4,Unattended operation,0 Spaces,0 Spaces,0 Spaces,0 Spaces,0 Spaces,0 Spaces,0 Spaces,0 Spaces,0 Spaces,0 Spaces,0 Spaces,0 Spaces,0 Spaces,0 Spaces,41
0,Large rooms,62 Spaces,59 Spaces,59 Spaces,62 Spaces,62 Spaces,36 Spaces,31 Spaces,62 Spaces,62 Spaces,62 Spaces,59 Spaces,62 Spaces,62 Spaces,58 Spaces,42
1,Small rooms,4 Spaces,2 Spaces,,,,,,,,,,,,,42
0,reservation_possible,,,,,,,,,,,,,,,44
1,Large rooms,,,,,,,,,,,,,,,44
2,Special Room,,,,,,,,,,,,,,,44
3,Double Room,0 Spaces,0 Spaces,,,,,,,,,,,,,44
0,Small rooms,47 Spaces,18 Spaces,25 Spaces,19 Spaces,25 Spaces,19 Spaces,0 Spaces,,,,,,,,45
0,Large rooms,,,,,,,,,,,,,,,46
1,Unattended operation,,,,,,,,,,,,,,,46
0,Large rooms,,,,,,,,,,,,,,,47
1,Unattended operation,,,,,,,,,,,,,,,47
0,Small rooms,35 Spaces,5 Spaces,15 Spaces,15 Spaces,14 Spaces,5 Spaces,2 Spaces,,,,,,,,49
0,Large rooms,1 Spaces,0 Spaces,0 Spaces,3 Spaces,1 Spaces,0 Spaces,0 Spaces,,,,,,,,50
1,Small rooms,1 Spaces,0 Spaces,0 Spaces,0 Spaces,1 Spaces,0 Spaces,0 Spaces,,,,,,,,50
0,reservation_possible,,,,,,,,,,,,,,,51
1,Small rooms,0 Spaces,,,,,,,,,,,,,,51
0,reservation_possible,,,,,,,,,,,,,,,52
1,Large rooms,,,,,,,,,,,,,,,52
2,Small rooms,0 Spaces,0 Spaces,,,,,,,,,,,,,52
0,Large rooms,13 Spaces,15 Spaces,14 Spaces,15 Spaces,15 Spaces,15 Spaces,15 Spaces,15 Spaces,15 Spaces,15 Spaces,15 Spaces,15 Spaces,15 Spaces,15 Spaces,53
0,reservation_possible,,,,,,,,,,,,,,,55
1,Small rooms,,,,,,,0 Spaces,0 Spaces,0 Spaces,0 Spaces,0 Spaces,0 Spaces,0 Spaces,0 Spaces,55
2,Unattended operation,0 Spaces,0 Spaces,,,,,7 Spaces,7 Spaces,7 Spaces,7 Spaces,7 Spaces,7 Spaces,7 Spaces,7 Spaces,55
0,reservation_possible,,,,,,,,,,,,,,,57
1,Large rooms,,,,,,,,,,,,,,,57
2,Shared bedrooms,,,,,,,,,,,,,,,57
3,Double rooms,,,,,,,,,,,,,,,57
0,reservation_possible,,,,,,,,,,,,,,,58
1,Large rooms,,,,,,,,,,,,,,,58
2,Shared bedrooms,0 Spaces,0 Spaces,,,,,,,,,,,,,58
0,reservation_possible,,,,,,,,,,,,,,,62
1,large rooms,,,,,,,,,,,,,,,62
2,shared bedrooms,0 Spaces,0 Spaces,,,,,,,,,,,,,62
0,Double rooms,0 Spaces,,,,,,,,,,,,,,63
1,Shared bedrooms,0 Spaces,0 Spaces,0 Spaces,,,,,,,,,,,,63
0,Large rooms,33 Spaces,33 Spaces,33 Spaces,33 Spaces,33 Spaces,0 Spaces,0 Spaces,33 Spaces,33 Spaces,33 Spaces,33 Spaces,33 Spaces,0 Spaces,0 Spaces,64
0,reservation_possible,,,,,,,,,,,,,,,65
1,Large rooms,0 Spaces,0 Spaces,,,,,,,,,,,,,65
0,reservation_possible,,,,,,,,,,,,,,,66
1,Large rooms,0 Spaces,0 Spaces,,,,,,,,,,,,,66
0,reservation_possible,,,,,,,,,,,,,,,67
1,Large rooms,0 Spaces,0 Spaces,,,,,,,,,,,,,67
0,reservation_possible,,,,,,,,,,,,,,,68
1,Large rooms,0 Spaces,0 Spaces,,,,,,,,,,,,,68
0,reservation_possible,,,,,,,,,,,,,,,69
1,Large rooms,,,,,,,,,,,,,,,69
2,Double Room,,,,,,,,,,,,,,,69
0,large rooms,26 Spaces,26 Spaces,26 Spaces,26 Spaces,26 Spaces,26 Spaces,26 Spaces,,,,,,,,72
1,shared bedrooms,30 Spaces,30 Spaces,28 Spaces,30 Spaces,30 Spaces,30 Spaces,30 Spaces,,,,,,,,72
0,reservation_possible,,,,,,,,,,,,,,,73
1,Large rooms,,,,,,,,,,,,,,,73
2,Shared bedrooms,0 Spaces,0 Spaces,,,,,,,,,,,,,73
0,reservation_possible,,,,,,,,,,,,,,,75
1,Large rooms,,,,,,,,,,,,,,,75
2,Small rooms,0 Spaces,0 Spaces,,,,,,,,,,,,,75
0,reservation_possible,,,,,,,,,,,,,,,76
1,Large rooms,0 Spaces,0 Spaces,,,,,,,,,,,,,76
0,reservation_possible,,,,,,,,,,,,,,,77
1,Large rooms,0 Spaces,,,,,,,,,,,,,,77
0,reservation_possible,,,,,,,,,,,,,,,78
1,Large rooms,,,,,,,,,,,,,,,78
2,Room with 4 places,,,,,,,,,,,,,,,78
3,Unattended operation,0 Spaces,0 Spaces,,,,,,,,,,,,,78
0,Large rooms,15 Spaces,15 Spaces,15 Spaces,15 Spaces,15 Spaces,10 Spaces,0 Spaces,15 Spaces,15 Spaces,15 Spaces,15 Spaces,15 Spaces,15 Spaces,15 Spaces,79
0,reservation_possible,,,,,,,,,,,,,,,80
1,Large rooms,,,,,,,,,,,,,,,80
2,Small rooms,,,,,,,,,,,,,,,80
3,Special Room,0 Spaces,0 Spaces,,,,,,,,,,,,,80
0,reservation_possible,,,,,,,,,,,,,,,81
1,Large rooms,,,,,,,,,,,,,,,81
2,Shared bedrooms,,,,,,,,,,,,,,,81
0,reservation_possible,,,,,,,,,,,,,,,82
1,Double rooms,,,,,,,,,,,,,,,82
2,Shared bedrooms,,,,,,,,,,,,,,,82
3,Large rooms,,,,,,,,,,,,,,,82
0,reservation_possible,,,,,,,,,,,,,,,83
1,Large rooms,,,,,,,,,,,,,,,83
2,Shared bedrooms,,,,,,,,,,,,,,,83
3,Double rooms,,,,,,,,,,,,,,,83
0,reservation_possible,,,,,,,,,,,,,,,84
1,Double rooms,,,,,,,,,,,,,,,84
2,Shared bedrooms,,,,,,,,,,,,,,,84
3,Large rooms,0 Spaces,0 Spaces,,,,,,,,,,,,,84
0,Large rooms,28 Spaces,31 Spaces,10 Spaces,42 Spaces,44 Spaces,6 Spaces,0 Spaces,,,,,,,,85
1,Shared bedrooms,14 Spaces,11 Spaces,2 Spaces,9 Spaces,0 Spaces,2 Spaces,0 Spaces,,,,,,,,85
2,Double rooms,1 Spaces,0 Spaces,0 Spaces,0 Spaces,0 Spaces,0 Spaces,0 Spaces,,,,,,,,85
0,reservation_possible,,,,,,,,,,,,,,,86
1,shared bedrooms,,,,,,,,,,,,,,,86
2,large rooms,0 Spaces,0 Spaces,,,,,,,,,,,,,86
0,reservation_possible,,,,,,,,,,,,,,,87
1,Shared bedrooms,,,,,,,,,,,,,,,87
2,Large rooms,,,,,,,,,,,,,,,87
3,Double rooms,,,,,,,,,,,,,,,87
0,reservation_possible,,,,,,,,,,,,,,,88
1,large rooms,,,,,,,,,,,,,,,88
2,shared bedrooms,0 Spaces,0 Spaces,,,,,,,,,,,,,88
0,reservation_possible,,,,,,,,,,,,,,,89
1,large rooms,,,,,,,,,,,,,,,89
2,shared bedrooms,0 Spaces,0 Spaces,,,,,,,,,,,,,89
0,shared bedrooms,0 Spaces,0 Spaces,0 Spaces,0 Spaces,0 Spaces,0 Spaces,0 Spaces,0 Spaces,0 Spaces,0 Spaces,0 Spaces,0 Spaces,0 Spaces,0 Spaces,91
1,large rooms,0 Spaces,0 Spaces,0 Spaces,0 Spaces,0 Spaces,0 Spaces,0 Spaces,0 Spaces,0 Spaces,0 Spaces,0 Spaces,0 Spaces,0 Spaces,0 Spaces,91
2,"Winterraum, Biwak, SV",16 Spaces,16 Spaces,12 Spaces,16 Spaces,16 Spaces,16 Spaces,6 Spaces,16 Spaces,16 Spaces,16 Spaces,16 Spaces,16 Spaces,16 Spaces,6 Spaces,91
0,reservation_possible,,,,,,,,,,,,,,,92
1,shared bedrooms,,,,,,,,,,,,,,,92
2,large rooms,0 Spaces,0 Spaces,,,,,,,,,,,,,92
0,Double rooms,0 Spaces,0 Spaces,0 Spaces,0 Spaces,0 Spaces,0 Spaces,0 Spaces,0 Spaces,0 Spaces,0 Spaces,0 Spaces,0 Spaces,0 Spaces,0 Spaces,95
1,Shared bedrooms,0 Spaces,0 Spaces,0 Spaces,0 Spaces,0 Spaces,0 Spaces,0 Spaces,0 Spaces,0 Spaces,0 Spaces,0 Spaces,0 Spaces,0 Spaces,0 Spaces,95
2,Large rooms,14 Spaces,14 Spaces,14 Spaces,14 Spaces,14 Spaces,14 Spaces,14 Spaces,14 Spaces,14 Spaces,14 Spaces,14 Spaces,14 Spaces,14 Spaces,14 Spaces,95
0,Large rooms,6 Spaces,12 Spaces,12 Spaces,12 Spaces,12 Spaces,12 Spaces,9 Spaces,12 Spaces,12 Spaces,12 Spaces,12 Spaces,12 Spaces,12 Spaces,5 Spaces,96
0,reservation_possible,,,,,,,,,,,,,,,97
1,Double rooms,,,,,,,,,,,,,,,97
2,Shared bedrooms,,,,,,,,,,,,,,,97
3,Large rooms,0 Spaces,0 Spaces,,,,,,,,,,,,,97
0,reservation_possible,,,,,,,,,,,,,,,99
1,Double rooms,,,,,,,,,,,,,,,99
2,Shared bedrooms,,,,,,,,,,,,,,,99
3,Large rooms,0 Spaces,0 Spaces,25 Spaces,25 Spaces,25 Spaces,0 Spaces,0 Spaces,25 Spaces,25 Spaces,25 Spaces,25 Spaces,25 Spaces,15 Spaces,25 Spaces,99
0,Large rooms,10 Spaces,10 Spaces,,,,,,,,,,,,,100
1,Shared bedrooms,20 Spaces,20 Spaces,,,,,,,,,,,,,100
2,Double rooms,10 Spaces,12 Spaces,,,,,,,,,,,,,100
0,Shared bedrooms,20 Spaces,20 Spaces,,,,,,,,,,,,,101
0,Double rooms,2 Spaces,0 Spaces,0 Spaces,4 Spaces,2 Spaces,0 Spaces,0 Spaces,6 Spaces,4 Spaces,6 Spaces,6 Spaces,2 Spaces,0 Spaces,0 Spaces,104
1,Shared bedrooms,49 Spaces,35 Spaces,43 Spaces,49 Spaces,51 Spaces,51 Spaces,0 Spaces,48 Spaces,22 Spaces,51 Spaces,51 Spaces,47 Spaces,26 Spaces,2 Spaces,104
2,Large rooms,9 Spaces,7 Spaces,11 Spaces,11 Spaces,1 Spaces,9 Spaces,0 Spaces,12 Spaces,12 Spaces,10 Spaces,12 Spaces,12 Spaces,3 Spaces,1 Spaces,104
0,reservation_possible,,,,,,,,,,,,,,,105
1,Large rooms,,,,,,,,,,,,,,,105
2,Shared bedrooms,,,,,,,,,,,,,,,105
3,Double rooms,,,,,,,,,,,,,,,105
4,Unserviced mode,0 Spaces,,,,,,,,,,,,,,105
0,reservation_possible,,,,,,,,,,,,,,,106
1,large rooms,,,,,,,,,,,,,,,106
0,reservation_possible,,,,,,,,,,,,,,,107
1,Shared bedrooms,0 Spaces,,,,,,,,,,,,,,107
0,large rooms,35 Spaces,34 Spaces,35 Spaces,35 Spaces,35 Spaces,35 Spaces,35 Spaces,35 Spaces,35 Spaces,35 Spaces,35 Spaces,35 Spaces,35 Spaces,35 Spaces,108
1,shared bedrooms,30 Spaces,30 Spaces,30 Spaces,30 Spaces,30 Spaces,30 Spaces,10 Spaces,30 Spaces,30 Spaces,30 Spaces,30 Spaces,30 Spaces,30 Spaces,22 Spaces,108
2,double rooms,4 Spaces,4 Spaces,2 Spaces,4 Spaces,4 Spaces,4 Spaces,1 Spaces,4 Spaces,4 Spaces,4 Spaces,4 Spaces,4 Spaces,4 Spaces,4 Spaces,108
0,reservation_possible,,,,,,,,,,,,,,,109
1,large rooms,,,,,,,,,,,,,,,109
2,shared bedrooms,0 Spaces,0 Spaces,,,,,,,,,,,,,109
0,reservation_possible,,,,,,,,,,,,,,,110
1,Double rooms,,,,,,,,,,,,,,,110
2,Shared bedrooms,,,,,,,,,,,,,,,110
3,Large rooms,0 Spaces,0 Spaces,,,,,,,,,,,,,110
0,reservation_possible,,,,,,,,,,,,,,,111
1,shared bedrooms,,,,,,,,,,,,,,,111
2,large rooms,,,,,,,,,,,,,,,111
3,dog room,0 Spaces,0 Spaces,0 Spaces,,,,,,,,,,,,111
0,reservation_possible,,,,,,,,,,,,,,,114
1,Double rooms,,,,,,,,,,,,,,,114
2,Shared bedrooms,,,,,,,,,,,,,,,114
3,Large rooms,,,,,,,,,,,,,,,114
0,reservation_possible,,,,,,,,,,,,,,,115
1,Double rooms,,,,,,,,,,,,,,,115
2,Shared bedrooms,,,,,,,,,,,,,,,115
3,Large rooms,0 Spaces,0 Spaces,,,,,,,,,,,,,115
0,Double rooms,4 Spaces,,,,,,,,,,,,,,116
1,Shared bedrooms,50 Spaces,,,,,,,,,,,,,,116
2,Large rooms,22 Spaces,,,,,,,,,,,,,,116
0,double rooms,,,,,,,,,,,,,,,117
1,shared bedrooms,,,,,,,,,,,,,,,117
2,large rooms,,,,,,,,,,,,,,,117
0,reservation_possible,,,,,,,,,,,,,,,119
1,Large rooms,,,,,,,,,,,,,,,119
2,Shared bedrooms,0 Spaces,0 Spaces,,,,,,,,,,,,,119
0,reservation_possible,,,,,,,,,,,,,,,121
1,Double rooms,,,,,,,,,,,,,,,121
2,Shared bedrooms,,,,,,,,,,,,,,,121
3,Dog room,0 Spaces,0 Spaces,,,,,,,,,,,,,121
0,reservation_possible,,,,,,,,,,,,,,,122
1,Double rooms,,,,,,,,,,,,,,,122
2,Shared bedrooms,,,,,,,,,,,,,,,122
3,Large rooms,0 Spaces,,,,,,,,,,,,,,122
0,reservation_possible,,,,,,,,,,,,,,,123
1,double rooms,,,,,,,,,,,,,,,123
2,shared bedrooms,,,,,,,,,,,,,,,123
3,large rooms,0 Spaces,0 Spaces,,,,,,,,,,,,,123
0,reservation_possible,,,,,,,,,,,,,,,125
1,double rooms,,,,,4 Spaces,4 Spaces,2 Spaces,,,,,2 Spaces,0 Spaces,0 Spaces,125
2,shared bedrooms,,,,,9 Spaces,5 Spaces,0 Spaces,,,,,9 Spaces,4 Spaces,0 Spaces,125
3,large rooms,0 Spaces,0 Spaces,,,12 Spaces,12 Spaces,12 Spaces,,,,,12 Spaces,12 Spaces,0 Spaces,125
0,large rooms,14 Spaces,14 Spaces,14 Spaces,12 Spaces,14 Spaces,14 Spaces,14 Spaces,14 Spaces,14 Spaces,14 Spaces,12 Spaces,14 Spaces,14 Spaces,14 Spaces,126
1,shared bedrooms,24 Spaces,24 Spaces,24 Spaces,24 Spaces,20 Spaces,17 Spaces,20 Spaces,24 Spaces,24 Spaces,24 Spaces,24 Spaces,24 Spaces,24 Spaces,24 Spaces,126
2,double rooms,8 Spaces,8 Spaces,6 Spaces,8 Spaces,10 Spaces,7 Spaces,10 Spaces,6 Spaces,8 Spaces,10 Spaces,10 Spaces,10 Spaces,8 Spaces,10 Spaces,126
3,triple rooms,9 Spaces,9 Spaces,9 Spaces,9 Spaces,9 Spaces,6 Spaces,9 Spaces,9 Spaces,9 Spaces,9 Spaces,6 Spaces,9 Spaces,9 Spaces,9 Spaces,126
0,Large rooms,26 Spaces,26 Spaces,26 Spaces,26 Spaces,26 Spaces,26 Spaces,25 Spaces,21 Spaces,21 Spaces,21 Spaces,21 Spaces,18 Spaces,8 Spaces,11 Spaces,131
0,reservation_possible,,,,,,,,,,,,,,,132
1,Shared bedrooms,,,,,,,,,,,,,,,132
2,Double rooms,,,,,,,,,,,,,,,132
3,Large rooms,0 Spaces,,,,,,,,,,,,,,132
0,reservation_possible,,,,,,,,,,,,,,,133
1,Large rooms,,,,,,,,,,,,,,,133
2,Double rooms,,,,,,,,,,,,,,,133
3,Shared bedrooms,0 Spaces,0 Spaces,,,,,,,,,,,,,133
0,reservation_possible,,,,,,,,,,,,,,,135
1,Small rooms,0 Spaces,0 Spaces,,,,,,,,,,,,,135
0,reservation_possible,,,,,,,,,,,,,,,136
1,Large rooms,,,,,,,,,,,,,,,136
2,Shared bedrooms,,,,,,,,,,,,,,,136
3,Double rooms,,,,,,,,,,,,,,,136
0,reservation_possible,,,,,,,,,,,,,,,138
1,Double rooms,,,,,,,,,,,,,,,138
2,Shared bedrooms,,,,,,,,,,,,,,,138
3,Large rooms,,,,,,,,,,,,,,,138
0,reservation_possible,,,,,,,,,,,,,,,139
1,Large rooms,,,,,,,,,,,,,,,139
0,reservation_possible,,,,,,,,,,,,,,,140
1,Large rooms,,,,,,,,,,,,,,,140
2,Shared bedrooms,,,,,,,,,,,,,,,140
3,Dog room,,,,,,,,,,,,,,,140
0,reservation_possible,,,,,,,,,,,,,,,141
1,shared bedrooms,,,,,,,,,,,,,,,141
2,large rooms,,,,,,,,,,,,,,,141
0,reservation_possible,,,,,,,,,,,,,,,142
1,shared bedrooms,,,,,,,,,,,,,,,142
0,reservation_possible,,,,,,,,,,,,,,,143
1,Shared bedrooms,,,,,,,,,,,,,,,143
2,Large rooms,0 Spaces,0 Spaces,,,,,,,,,,,,,143
0,reservation_possible,,,,,,,,,,,,,,,144
1,Shared bedrooms,,,,,,,,,,,,,,,144
2,Large rooms,0 Spaces,0 Spaces,,,,,,,,,,,,,144
0,reservation_possible,,,,,,,,,,,,,,,145
1,Large rooms,,,,,,,,,,,,,,,145
2,Shared bedrooms,0 Spaces,,,,,,,,,,,,,,145
0,reservation_possible,,,,,,,,,,,,,,,146
1,double rooms,,,,,,,,,,,,,,,146
2,shared bedrooms,,,,,,,,,,,,,,,146
3,"Winterraum, Biwak, SV",,,,,,,,,,,,,,,146
0,reservation_possible,,,,,,,,,,,,,,,147
1,large rooms,,,,,,,,,,,,,,,147
2,shared bedrooms,,,,,,,,,,,,,,,147
3,single room,,,,,,,,,,,,,,,147
0,reservation_possible,,,,,,,,,,,,,,,148
1,Large rooms,,,,,,,,,,,,,,,148
2,Shared bedrooms,,,,,,,,,,,,,,,148
3,Double rooms,0 Spaces,0 Spaces,,,,,,,,,,,,,148
0,reservation_possible,,,,,,,,,,,,,,,149
1,Large rooms,,,,,,,,,,,,,,,149
2,Shared bedrooms,0 Spaces,0 Spaces,,,,,,,,,,,,,149
0,reservation_possible,,,,,,,,,,,,,,,151
1,Double rooms,,,,,,,,,,,,,,,151
2,Shared bedrooms,,,,,,,,,,,,,,,151
3,Large rooms,0 Spaces,0 Spaces,,,,,,,,,,,,,151
0,reservation_possible,,,,,,,,,,,,,,,152
1,Shared bedrooms,,,,,,,,,,,,,,,152
2,Large rooms,0 Spaces,0 Spaces,0 Spaces,,,,,,,,,,,,152
0,reservation_possible,,,,,,,,,,,,,,,154
1,Large rooms,,,,,,,,,,,,,,,154
2,Shared bedrooms,,,,,,,,,,,,,,,154
3,Double rooms,0 Spaces,0 Spaces,0 Spaces,0 Spaces,,,,,,,,,,,154
0,reservation_possible,,,,,,,,,,,,,,,156
1,Large rooms,0 Spaces,0 Spaces,,,,,,,,,,,,,156
0,Large rooms,59 Spaces,63 Spaces,65 Spaces,65 Spaces,,55 Spaces,53 Spaces,0 Spaces,0 Spaces,0 Spaces,0 Spaces,0 Spaces,0 Spaces,0 Spaces,157
1,Double Room,0 Spaces,4 Spaces,4 Spaces,4 Spaces,,2 Spaces,0 Spaces,0 Spaces,0 Spaces,0 Spaces,0 Spaces,0 Spaces,0 Spaces,0 Spaces,157
2,Room with 4 places,0 Spaces,4 Spaces,0 Spaces,4 Spaces,,4 Spaces,4 Spaces,0 Spaces,0 Spaces,0 Spaces,0 Spaces,0 Spaces,0 Spaces,0 Spaces,157
3,Unattended operation,0 Spaces,0 Spaces,0 Spaces,0 Spaces,,0 Spaces,0 Spaces,0 Spaces,0 Spaces,14 Spaces,14 Spaces,14 Spaces,14 Spaces,14 Spaces,157
0,large rooms,,,,,,,,,,,,,,,159
1,shared bedrooms,,,,,,,,,,,,,,,159
0,reservation_possible,,,,,,,,,,,,,,,160
1,shared bedrooms,,,,,,,,,,,,,,,160
2,large rooms,0 Spaces,0 Spaces,0 Spaces,0 Spaces,,,,,,,,,,,160
0,reservation_possible,,,,,,,,,,,,,,,161
1,Large rooms,,,,,,,,,,,,,,,161
0,Shared bedrooms,29 Spaces,0 Spaces,,,29 Spaces,29 Spaces,29 Spaces,29 Spaces,,,,29 Spaces,29 Spaces,29 Spaces,162
0,Large rooms,38 Spaces,35 Spaces,35 Spaces,38 Spaces,38 Spaces,26 Spaces,0 Spaces,38 Spaces,,,,,,,163
1,Shared bedrooms,24 Spaces,9 Spaces,24 Spaces,24 Spaces,24 Spaces,1 Spaces,0 Spaces,24 Spaces,,,,,,,163
2,Double rooms,6 Spaces,2 Spaces,6 Spaces,4 Spaces,2 Spaces,2 Spaces,0 Spaces,0 Spaces,,,,,,,163
0,Large rooms,,,,,,,,,,,,,,,164
0,Large rooms,,,,,,,,,,,,,,,165
0,Large rooms,,,,,,,,,,,,,,,166
0,Double Room,,,,,,,,,,,,,,,168
1,Room with 4 places,,,,,,,,,,,,,,,168
2,Room with 6 places,,,,,,,,,,,,,,,168
3,Special Room,,,,,,,,,,,,,,,168
0,reservation_possible,,,,,,,,,,,,,,,169
1,Large rooms,0 Spaces,0 Spaces,,,,,,,,,,,,,169
0,reservation_possible,,,,,,,,,,,,,,,170
1,Large rooms,,,,,,,,,,,,,,,170
2,Shared bedrooms,0 Spaces,0 Spaces,0 Spaces,,,,,,,,,,,,170
0,reservation_possible,,,,,,,,,,,,,,,171
1,Large rooms,,,,,,,,,,,,,,,171
2,Shared bedrooms,0 Spaces,0 Spaces,,,,,,,,,,,,,171
0,reservation_possible,,,,,,,,,,,,,,,172
1,large rooms,,,,,,,,,,,,,,,172
2,shared bedrooms,,,,,,,,,,,,,,,172
3,double rooms,0 Spaces,0 Spaces,,,,,,,,,,,,,172
0,reservation_possible,,,,,,,,,,,,,,,174
1,Double rooms,,,,,,,,,,,,,,,174
2,Shared bedrooms,,,,,,,,,,,,,,,174
3,Large rooms,,,,,,,,,,,,,,,174
4,Dog room,0 Spaces,0 Spaces,0 Spaces,,,,,,,,,,,,174
0,reservation_possible,,,,,,,,,,,,,,,176
1,Large rooms,,,,,,,,,,,,,,,176
2,Room with 8 places,0 Spaces,0 Spaces,,,,,,,,,,,,,176
0,large rooms,1 Spaces,1 Spaces,1 Spaces,1 Spaces,1 Spaces,1 Spaces,1 Spaces,1 Spaces,1 Spaces,1 Spaces,1 Spaces,1 Spaces,1 Spaces,1 Spaces,177
0,reservation_possible,,,,,,,,,,,,,,,178
1,Large rooms,,,,,,,,,,,,,,,178
2,Shared bedrooms,0 Spaces,0 Spaces,,,,,,,,,,,,,178
0,reservation_possible,,,,,,,,,,,,,,,179
1,shared bedrooms,,,,,,,,,,,,,,,179
2,large rooms,,,,,,,,,,,,,,,179
0,reservation_possible,,,,,,,,,,,,,,,180
1,Large rooms,,,,,,,,,,,,,,,180
2,Shared bedrooms,0 Spaces,0 Spaces,,,,,,,,,,,,,180
0,reservation_possible,,,,,,,,,,,,,,,181
1,Shared bedrooms,,,,,,,,,,,,,,,181
2,Large rooms,0 Spaces,0 Spaces,,,,,,,,,,,,,181
0,Large rooms,25 Spaces,25 Spaces,26 Spaces,26 Spaces,26 Spaces,26 Spaces,26 Spaces,26 Spaces,26 Spaces,26 Spaces,26 Spaces,26 Spaces,26 Spaces,20 Spaces,182
0,reservation_possible,,,,,,,,,,,,,,,183
1,Shared bedrooms,,,,,,,,,,,,,,,183
2,Large rooms,0 Spaces,0 Spaces,0 Spaces,,,,,,,,,,,,183
0,reservation_possible,,,,,,,,,,,,,,,184
1,large rooms,,,,,,,,,,,,,,,184
2,double rooms,,,,,,,,,,,,,,,184
3,shared bedrooms,,,,,,,,,,,,,,,184
0,reservation_possible,,,,,,,,,,,,,,,185
1,shared bedrooms,,,,,,,,,,,,,,,185
2,large rooms,0 Spaces,,,,,,,,,,,,,,185
0,reservation_possible,,,,,,,,,,,,,,,186
1,large rooms,,,,,,,,,,,,,,,186
2,shared bedrooms,,,,,,,,,,,,,,,186
3,double rooms,0 Spaces,0 Spaces,,,,,,,,,,,,,186
0,reservation_possible,,,,,,,,,,,,,,,188
1,Large rooms,,,,,,,,,,,,,,,188
2,Shared bedrooms,0 Spaces,0 Spaces,,,,,,,,,,,,,188
0,reservation_possible,,,,,,,,,,,,,,,189
1,Large rooms,,,,,,,,,,,,,,,189
2,Shared bedrooms,,,,,,,,,,,,,,,189
3,Double rooms,0 Spaces,0 Spaces,,,,,,,,,,,,,189
0,reservation_possible,,,,,,,,,,,,,,,190
1,Large rooms,,,,,,,,,,,,,,,190
2,Shared bedrooms,,,,,,,,,,,,,,,190
3,Double rooms,0 Spaces,0 Spaces,,,,,,,,,,,,,190
0,Double rooms,30 Spaces,,,,,,,,,,,,,,191
1,Shared bedrooms,80 Spaces,,,,,,,,,,,,,,191
2,Large rooms,50 Spaces,0 Spaces,,,,,,,,,,,,,191
0,reservation_possible,,,,,,,,,,,,,,,192
1,Large rooms,,,,,,,,,,,,,,,192
2,Shared bedrooms,,,,,,,,,,,,,,,192
3,Double rooms,0 Spaces,,,,,,,,,,,,,,192
0,reservation_possible,,,,,,,,,,,,,,,195
1,Shared bedrooms,,,,,,,,,,,,,,,195
2,Large rooms,,,,,,,,,,,,,,,195
3,Double rooms,0 Spaces,,,,,,,,,,,,,,195
0,reservation_possible,,,,,,,,,,,,,,,196
1,Large rooms,0 Spaces,0 Spaces,,,,0 Spaces,0 Spaces,,,,,,,0 Spaces,196
0,reservation_possible,,,,,,,,,,,,,,,197
1,Large rooms,0 Spaces,0 Spaces,,,,,,,,,,,,,197
0,reservation_possible,,,,,,,,,,,,,,,198
1,Large rooms,,,,,,,,,,,,,,,198
2,Unattended operation,,,,,,,,,,,,,,,198
0,reservation_possible,,,,,,,,,,,,,,,200
1,Large rooms,,,,,,,,,,,,,,,200
2,Shared bedrooms,,,,,,,,,,,,,,,200
3,Double rooms,,,,,,,,,,,,,,,200
0,reservation_possible,,,,,,,,,,,,,,,201
1,Double rooms,,,,,,,,,,,,,,,201
2,Shared bedrooms,,,,,,,,,,,,,,,201
3,Large rooms,,,,,,,,,,,,,,,201
0,reservation_possible,,,,,,,,,,,,,,,202
1,Large rooms,,,,,,,,,,,,,,,202
2,Shared bedrooms,,,,,,,,,,,,,,,202
0,reservation_possible,,,,,,,,,,,,,,,203
1,Shared bedrooms,,,,,,,,,,,,,,,203
2,Large rooms,,,,,,,,,,,,,,,203
0,reservation_possible,,,,,,,,,,,,,,,204
1,Large rooms,0 Spaces,0 Spaces,,,,,,,,,,,,,204
0,reservation_possible,,,,,,,,,,,,,,,205
1,Double rooms,,,,,,,,,,,,,,,205
2,Shared bedrooms,,,,,,,,,,,,,,,205
3,Large rooms,,,,,,,,,,,,,,,205
0,Large rooms,22 Spaces,22 Spaces,22 Spaces,,,,,,,,,,,,206
1,Double Room,6 Spaces,6 Spaces,6 Spaces,,,,,,,,,,,,206
2,Room with 6 places,6 Spaces,6 Spaces,6 Spaces,,,,,,,,,,,,206
3,Special Room,6 Spaces,6 Spaces,6 Spaces,,,,,,,,,,,,206
0,reservation_possible,,,,,,,,,,,,,,,207
1,Large rooms,,,,,,,,,,,,,,,207
2,Shared bedrooms,,,,,,,,,,,,,,,207
3,Double rooms,0 Spaces,0 Spaces,,,,,,,,,,,,,207
0,reservation_possible,,,,,,,,,,,,,,,208
1,Large rooms,0 Spaces,0 Spaces,,,,,,,,,,,,,208
0,reservation_possible,,,,,,,,,,,,,,,209
1,Large rooms,0 Spaces,0 Spaces,,,,,,,,,,,,,209
0,Shared bedrooms,8 Spaces,,,,,6 Spaces,0 Spaces,,,,,,12 Spaces,,210
1,Large rooms,0 Spaces,,,,,0 Spaces,0 Spaces,,,,,,0 Spaces,,210
2,Double rooms,0 Spaces,0 Spaces,,,,2 Spaces,0 Spaces,,,,,,2 Spaces,,210
0,large rooms,,,,,,,,,,,,,,,211
0,Large rooms,32 Spaces,28 Spaces,32 Spaces,32 Spaces,30 Spaces,10 Spaces,0 Spaces,,,,,,30 Spaces,0 Spaces,212
1,Shared bedrooms,55 Spaces,70 Spaces,63 Spaces,47 Spaces,49 Spaces,28 Spaces,0 Spaces,,,,,,60 Spaces,0 Spaces,212
2,Double rooms,0 Spaces,0 Spaces,0 Spaces,0 Spaces,0 Spaces,0 Spaces,0 Spaces,,,,,,0 Spaces,0 Spaces,212
0,Large rooms,9 Spaces,9 Spaces,9 Spaces,9 Spaces,9 Spaces,9 Spaces,9 Spaces,9 Spaces,9 Spaces,9 Spaces,9 Spaces,9 Spaces,9 Spaces,9 Spaces,214
0,reservation_possible,,,,,,,,,,,,,,,215
1,Large rooms,,,,,,,,,,,,,,,215
2,Shared bedrooms,0 Spaces,0 Spaces,,,,,,,,,,,,,215
0,reservation_possible,,,,,,,,,,,,,,,216
1,Large rooms,,,,,,,,,,,,,,,216
2,Double rooms,,,,,,,,,,,,,,,216
3,Shared bedrooms,0 Spaces,0 Spaces,,,,,,,,,,,,,216
0,reservation_possible,,,,,,,,,,,,,,,217
1,Large rooms,0 Spaces,0 Spaces,,,,,,,,,,,,,217
0,Large rooms,29 Spaces,31 Spaces,31 Spaces,31 Spaces,26 Spaces,31 Spaces,2 Spaces,31 Spaces,31 Spaces,27 Spaces,31 Spaces,27 Spaces,21 Spaces,7 Spaces,218
1,Double rooms,12 Spaces,14 Spaces,12 Spaces,8 Spaces,10 Spaces,7 Spaces,1 Spaces,14 Spaces,14 Spaces,14 Spaces,14 Spaces,11 Spaces,10 Spaces,1 Spaces,218
2,Shared bedrooms,3 Spaces,3 Spaces,3 Spaces,3 Spaces,0 Spaces,3 Spaces,0 Spaces,3 Spaces,3 Spaces,3 Spaces,3 Spaces,3 Spaces,0 Spaces,0 Spaces,218
0,reservation_possible,,,,,,,,,,,,,,,219
1,large rooms,,,,,,,,,,,,,,,219
2,shared bedrooms,,,,,,,,,,,,,,,219
3,double rooms,0 Spaces,0 Spaces,0 Spaces,,,,,,,,,,,,219
0,reservation_possible,,,,,,,,,,,,,,,221
1,Large rooms,,,,,,,,,,,,,,,221
0,reservation_possible,,,,,,,,,,,,,,,222
1,Shared bedrooms,,,,,,,,,,,,,,,222
2,Large rooms,,,,,,,,,,,,,,,222
0,reservation_possible,,,,,,,,,,,,,,,223
1,Double rooms,,,,,,,,,,,,,,,223
2,Shared bedrooms,,,,,,,,,,,,,,,223
3,Large rooms,,,,,,,,,,,,,,,223
0,reservation_possible,,,,,,,,,,,,,,,224
1,Large rooms,,,,,,,,,,,,,,,224
2,Shared bedrooms,,,,,,,,,,,,,,,224
3,Double rooms,,,,,,,,,,,,,,,224
4,Dog room,,,,,,,,,,,,,,,224
0,reservation_possible,,,,,,,,,,,,,,,226
1,Large rooms,,,,,,,,,,,,,,,226
2,Double Room,,,,,,,,,,,,,,,226
0,reservation_possible,,,,,,,,,,,,,,,227
1,Large rooms,,,,,,,,,,,,,,,227
2,Unattended operation,,,,,,,,,,,,,,,227
0,reservation_possible,,,,,,,,,,,,,,,228
1,Large rooms,,,,,,,,,,,,,,,228
2,Unattended operation,,,,,,,,,,,,,,,228
0,reservation_possible,,,,,,,,,,,,,,,229
1,Large rooms,,,,,,,,,,,,,,,229
2,Small rooms,,,,,,,,,,,,,,,229
3,Special Room,,,,,,,,,,,,,,,229
4,Room with 4 places,0 Spaces,0 Spaces,0 Spaces,,,,,,,,,,,,229
0,reservation_possible,,,,,,,,,,,,,,,230
1,shared bedrooms,,,,,,,,,,,,,,,230
2,large rooms,,,,,,,,,,,,,,,230
0,reservation_possible,,,,,,,,,,,,,,,231
1,Double rooms,,,,,,,,,,,,,,,231
2,Shared bedrooms,,,,,,,,,,,,,,,231
3,Large rooms,,,,,,,,,,,,,,,231
0,reservation_possible,,,,,,,,,,,,,,,232
1,Large rooms,,,,,,,,,,,,,,,232
2,Shared bedrooms,0 Spaces,,,,,,,,,,,,,,232
0,reservation_possible,,,,,,,,,,,,,,,234
1,Shared bedrooms,,,,,,,,,,,,,,,234
2,Large rooms,0 Spaces,0 Spaces,,,,,,,,,,,,,234
0,reservation_possible,,,,,,,,,,,,,,,235
1,Large rooms,,,,,,,,,,,,,,,235
2,Shared bedrooms,0 Spaces,0 Spaces,,,,,,,,,,,,,235
0,reservation_possible,,,,,,,,,,,,,,,236
1,Large rooms,,,,,,,,,,,,,,,236
2,Shared bedrooms,0 Spaces,0 Spaces,,,,,,,,,,,,,236
0,reservation_possible,,,,,,,,,,,,,,,237
1,Large rooms,,,,,,,,,,,,,,,237
2,Shared bedrooms,,,,,,,,,,,,,,,237
3,Double rooms,,,,,,,,,,,,,,,237
0,reservation_possible,,,,,,,,,,,,,,,238
1,Shared bedrooms,,,,,,,,,,,,,,,238
2,Large rooms,0 Spaces,0 Spaces,,,,,,,,,,,,,238
0,reservation_possible,,,,,,,,,,,,,,,239
1,Double rooms,,,,,,,,,,,,,,,239
2,Shared bedrooms,,,,,,,,,,,,,,,239
3,Large rooms,,,,,,,,,,,,,,,239
4,Dog room,0 Spaces,0 Spaces,,,,,,,,,,,,,239
0,Large rooms,0 Spaces,0 Spaces,0 Spaces,0 Spaces,0 Spaces,0 Spaces,0 Spaces,0 Spaces,0 Spaces,0 Spaces,0 Spaces,0 Spaces,0 Spaces,0 Spaces,240
1,Unattended operation,18 Spaces,18 Spaces,18 Spaces,18 Spaces,18 Spaces,18 Spaces,18 Spaces,18 Spaces,18 Spaces,18 Spaces,18 Spaces,18 Spaces,18 Spaces,18 Spaces,240
0,Large rooms,21 Spaces,21 Spaces,18 Spaces,19 Spaces,21 Spaces,21 Spaces,21 Spaces,21 Spaces,21 Spaces,21 Spaces,21 Spaces,21 Spaces,21 Spaces,21 Spaces,241
1,Unattended operation,0 Spaces,0 Spaces,0 Spaces,0 Spaces,0 Spaces,0 Spaces,0 Spaces,0 Spaces,0 Spaces,0 Spaces,0 Spaces,0 Spaces,0 Spaces,0 Spaces,241
0,reservation_possible,,,,,,,,,,,,,,,242
1,Large rooms,0 Spaces,0 Spaces,0 Spaces,,,,,,,,,,,,242
0,Large rooms,8 Spaces,0 Spaces,13 Spaces,19 Spaces,17 Spaces,0 Spaces,0 Spaces,15 Spaces,24 Spaces,20 Spaces,22 Spaces,24 Spaces,23 Spaces,11 Spaces,243
0,Small rooms,0 Spaces,0 Spaces,0 Spaces,0 Spaces,0 Spaces,0 Spaces,0 Spaces,0 Spaces,0 Spaces,0 Spaces,0 Spaces,0 Spaces,0 Spaces,0 Spaces,244
1,Unattended operation,9 Spaces,9 Spaces,9 Spaces,9 Spaces,9 Spaces,9 Spaces,9 Spaces,9 Spaces,9 Spaces,9 Spaces,9 Spaces,9 Spaces,9 Spaces,9 Spaces,244
0,Large rooms,23 Spaces,21 Spaces,23 Spaces,23 Spaces,23 Spaces,23 Spaces,23 Spaces,23 Spaces,23 Spaces,23 Spaces,23 Spaces,23 Spaces,23 Spaces,23 Spaces,246
0,reservation_possible,,,,,,,,,,,,,,,248
1,large rooms,,,,17 Spaces,24 Spaces,24 Spaces,20 Spaces,24 Spaces,24 Spaces,24 Spaces,24 Spaces,24 Spaces,2 Spaces,2 Spaces,248
2,shared bedrooms,0 Spaces,0 Spaces,,6 Spaces,6 Spaces,6 Spaces,0 Spaces,6 Spaces,6 Spaces,6 Spaces,6 Spaces,6 Spaces,3 Spaces,0 Spaces,248
0,double rooms,0 Spaces,0 Spaces,2 Spaces,4 Spaces,2 Spaces,4 Spaces,0 Spaces,4 Spaces,4 Spaces,4 Spaces,0 Spaces,4 Spaces,0 Spaces,,253
1,shared bedrooms,19 Spaces,22 Spaces,22 Spaces,22 Spaces,22 Spaces,22 Spaces,0 Spaces,22 Spaces,22 Spaces,22 Spaces,17 Spaces,22 Spaces,22 Spaces,,253
2,large rooms,12 Spaces,12 Spaces,12 Spaces,12 Spaces,12 Spaces,2 Spaces,1 Spaces,12 Spaces,12 Spaces,12 Spaces,12 Spaces,12 Spaces,12 Spaces,,253
0,Large rooms,22 Spaces,21 Spaces,17 Spaces,21 Spaces,19 Spaces,16 Spaces,1 Spaces,,,,,,,,254
0,reservation_possible,,,,,,,,,,,,,,,257
1,large rooms,,,,,,,,,,,,,,,257
2,shared bedrooms,0 Spaces,,,,,,,,,,,,,,257
0,Large rooms,0 Spaces,0 Spaces,0 Spaces,0 Spaces,0 Spaces,0 Spaces,0 Spaces,0 Spaces,0 Spaces,0 Spaces,0 Spaces,0 Spaces,0 Spaces,0 Spaces,258
1,Shared bedrooms,0 Spaces,0 Spaces,0 Spaces,0 Spaces,0 Spaces,0 Spaces,0 Spaces,0 Spaces,0 Spaces,0 Spaces,0 Spaces,0 Spaces,0 Spaces,0 Spaces,258
2,Double rooms,0 Spaces,0 Spaces,0 Spaces,0 Spaces,0 Spaces,0 Spaces,0 Spaces,0 Spaces,0 Spaces,0 Spaces,0 Spaces,0 Spaces,0 Spaces,0 Spaces,258
0,reservation_possible,,,,,,,,,,,,,,,259
1,Large rooms,0 Spaces,0 Spaces,,,,,,,,,,,,,259
0,reservation_possible,,,,,,,,,,,,,,,260
1,large rooms,0 Spaces,,,,,,,,,,,,,,260
0,double rooms,10 Spaces,12 Spaces,12 Spaces,12 Spaces,12 Spaces,12 Spaces,12 Spaces,12 Spaces,12 Spaces,12 Spaces,12 Spaces,12 Spaces,12 Spaces,12 Spaces,262
1,shared bedrooms,26 Spaces,26 Spaces,26 Spaces,26 Spaces,26 Spaces,26 Spaces,26 Spaces,26 Spaces,26 Spaces,26 Spaces,26 Spaces,26 Spaces,26 Spaces,26 Spaces,262
2,large rooms,10 Spaces,10 Spaces,10 Spaces,10 Spaces,10 Spaces,10 Spaces,10 Spaces,10 Spaces,10 Spaces,10 Spaces,10 Spaces,10 Spaces,10 Spaces,2 Spaces,262
0,Large rooms,28 Spaces,30 Spaces,28 Spaces,30 Spaces,10 Spaces,0 Spaces,0 Spaces,10 Spaces,30 Spaces,30 Spaces,30 Spaces,30 Spaces,30 Spaces,0 Spaces,263
0,Large rooms,0 Spaces,0 Spaces,0 Spaces,0 Spaces,0 Spaces,0 Spaces,0 Spaces,0 Spaces,0 Spaces,0 Spaces,0 Spaces,0 Spaces,0 Spaces,0 Spaces,264
1,Double Room,0 Spaces,0 Spaces,0 Spaces,0 Spaces,0 Spaces,0 Spaces,0 Spaces,0 Spaces,0 Spaces,0 Spaces,0 Spaces,0 Spaces,0 Spaces,0 Spaces,264
2,Special Room,0 Spaces,0 Spaces,0 Spaces,0 Spaces,0 Spaces,0 Spaces,0 Spaces,0 Spaces,0 Spaces,0 Spaces,0 Spaces,0 Spaces,0 Spaces,0 Spaces,264
3,Unattended operation,48 Spaces,48 Spaces,48 Spaces,46 Spaces,48 Spaces,48 Spaces,48 Spaces,48 Spaces,48 Spaces,48 Spaces,48 Spaces,48 Spaces,48 Spaces,48 Spaces,264
0,reservation_possible,,,,,,,,,,,,,,,266
1,double rooms,,,,,,,,,,,,,,,266
2,shared bedrooms,,,,,,,,,,,,,,,266
3,large rooms,0 Spaces,0 Spaces,,,,,,,,,,,,,266
0,reservation_possible,,,,,,,,,,,,,,,267
1,double rooms,,,,,,,,,,,,,,,267
2,shared bedrooms,,,,,,,,,,,,,,,267
3,large rooms,0 Spaces,,,,,,,,,,,,,,267
0,reservation_possible,,,,,,,,,,,,,,,268
1,large rooms,,,,,,,,,,,,,,,268
2,shared bedrooms,0 Spaces,,,,,,,,,,,,,,268
0,reservation_possible,,,,,,,,,,,,,,,269
1,Large rooms,,,,,,,,,,,,,,,269
0,reservation_possible,,,,,,,,,,,,,,,270
1,Large rooms,,,,,,,,,,,,,,,270
2,Shared bedrooms,,,,,,,,,,,,,,,270
0,reservation_possible,,,,,,,,,,,,,,,271
1,Double rooms,,,,,,,,,,,,,,,271
2,Shared bedrooms,,,,,,,,,,,,,,,271
3,Large rooms,,,,,,,,,,,,,,,271
0,reservation_possible,,,,,,,,,,,,,,,272
1,Large rooms,,,,,,,,,,,,,,,272
2,Shared bedrooms,0 Spaces,0 Spaces,0 Spaces,,,,,,,,,,,,272
0,large rooms,0 Spaces,0 Spaces,0 Spaces,0 Spaces,0 Spaces,0 Spaces,0 Spaces,0 Spaces,0 Spaces,0 Spaces,0 Spaces,0 Spaces,0 Spaces,0 Spaces,273
1,shared bedrooms,0 Spaces,0 Spaces,0 Spaces,0 Spaces,0 Spaces,0 Spaces,0 Spaces,0 Spaces,0 Spaces,0 Spaces,0 Spaces,0 Spaces,0 Spaces,0 Spaces,273
0,reservation_possible,,,,,,,,,,,,,,,274
1,Large rooms,0 Spaces,,,,,,,,,,,,,,274
0,reservation_possible,,,,,,,,,,,,,,,275
1,Large rooms,,,,,,,,,,,,,,,275
2,Shared bedrooms,,,,,,,,,,,,,,,275
3,Double rooms,0 Spaces,0 Spaces,,,,,,,,,,,,,275
0,reservation_possible,,,,,,,,,,,,,,,276
1,large rooms,0 Spaces,0 Spaces,0 Spaces,0 Spaces,,,45 Spaces,,,,,,,,276
0,reservation_possible,,,,,,,,,,,,,,,277
1,Large rooms,0 Spaces,0 Spaces,,,,,,,,,,,,,277
0,Large rooms,0 Spaces,0 Spaces,0 Spaces,0 Spaces,0 Spaces,0 Spaces,0 Spaces,0 Spaces,0 Spaces,0 Spaces,0 Spaces,0 Spaces,0 Spaces,0 Spaces,278
1,Unattended operation,20 Spaces,20 Spaces,20 Spaces,20 Spaces,20 Spaces,20 Spaces,20 Spaces,20 Spaces,20 Spaces,20 Spaces,20 Spaces,20 Spaces,20 Spaces,20 Spaces,278
0,reservation_possible,,,,,,,,,,,,,,,279
1,Large rooms,0 Spaces,0 Spaces,0 Spaces,,,,,,,,,,,,279
0,Large rooms,32 Spaces,35 Spaces,32 Spaces,30 Spaces,32 Spaces,35 Spaces,4 Spaces,,,,,,,,280
0,Large rooms,32 Spaces,35 Spaces,32 Spaces,30 Spaces,32 Spaces,35 Spaces,4 Spaces,,,,,,,,281
0,Shared bedrooms,,,,,,,,,,,,,,,282
1,Double rooms,,,,,,,,,,,,,,,282
2,Large rooms,,,,,,,,,,,,,,,282
0,reservation_possible,,,,,,,,,,,,,,,283
1,Large rooms,,,,,,,,,,,,,,,283
2,Shared bedrooms,,,,,,,,,,,,,,,283
3,Double rooms,0 Spaces,0 Spaces,,,,,,,,,,,,,283
0,reservation_possible,,,,,,,,,,,,,,,284
1,large rooms,0 Spaces,0 Spaces,,,,,,,,,,,,,284
0,double rooms,6 Spaces,2 Spaces,2 Spaces,2 Spaces,6 Spaces,6 Spaces,6 Spaces,4 Spaces,2 Spaces,2 Spaces,4 Spaces,6 Spaces,6 Spaces,6 Spaces,285
1,triple rooms,0 Spaces,0 Spaces,0 Spaces,3 Spaces,3 Spaces,3 Spaces,0 Spaces,3 Spaces,3 Spaces,3 Spaces,1 Spaces,1 Spaces,3 Spaces,3 Spaces,285
2,shared bedrooms,15 Spaces,15 Spaces,15 Spaces,15 Spaces,15 Spaces,15 Spaces,15 Spaces,11 Spaces,11 Spaces,15 Spaces,15 Spaces,15 Spaces,11 Spaces,11 Spaces,285
3,large rooms,11 Spaces,13 Spaces,15 Spaces,15 Spaces,15 Spaces,15 Spaces,13 Spaces,15 Spaces,11 Spaces,13 Spaces,15 Spaces,15 Spaces,15 Spaces,14 Spaces,285
0,reservation_possible,,,,,,,,,,,,,,,286
1,Large rooms,0 Spaces,0 Spaces,,,,,,,,,,,,,286
0,reservation_possible,,,,,,,,,,,,,,,287
1,Large rooms,0 Spaces,0 Spaces,,,,,,,,,,,,,287
0,Large rooms,18 Spaces,18 Spaces,18 Spaces,18 Spaces,18 Spaces,18 Spaces,18 Spaces,18 Spaces,18 Spaces,18 Spaces,18 Spaces,18 Spaces,18 Spaces,18 Spaces,288
0,reservation_possible,,,,,,,,,,,,,,,290
1,Large rooms,0 Spaces,0 Spaces,,,,,,,,,,,,,290
0,Double Room,2 Spaces,,,,,2 Spaces,2 Spaces,2 Spaces,,,,,2 Spaces,2 Spaces,291
1,Room with 8 places,13 Spaces,,,,,16 Spaces,16 Spaces,16 Spaces,,,,,16 Spaces,16 Spaces,291
2,Room with 10 places,10 Spaces,,,,,10 Spaces,10 Spaces,10 Spaces,,,,,10 Spaces,10 Spaces,291
0,reservation_possible,,,,,,,,,,,,,,,292
1,double rooms,,,,,,,,,,,,,,,292
2,shared bedrooms,,,,,,,,,,,,,,,292
3,large rooms,0 Spaces,0 Spaces,,,,,,,,,,,,,292
0,reservation_possible,,,,,,,,,,,,,,,294
1,double rooms,,,,,,,,,,,,,,,294
2,shared bedrooms,,,,,,,,,,,,,,,294
3,large rooms,0 Spaces,0 Spaces,,,,,,,,,,,,,294
0,reservation_possible,,,,,,,,,,,,,,,295
1,double rooms,,,,,,,,,,,,,,,295
2,shared bedrooms,,,,,,,,,,,,,,,295
3,large rooms,0 Spaces,0 Spaces,,,,,,,,,,,,,295
0,reservation_possible,,,,,,,,,,,,,,,297
1,Large rooms,,,,,,,,,,,,,,,297
2,Shared bedrooms,,,,,,,,,,,,,,,297
3,Double rooms,0 Spaces,,,,,,,,,,,,,,297
0,reservation_possible,,,,,,,,,,,,,,,300
1,large rooms,,,,,,,,,,,,,,,300
2,shared bedrooms,,,,,,,,,,,,,,,300
3,double rooms,0 Spaces,0 Spaces,,,,,,,,,,,,,300
0,reservation_possible,,,,,,,,,,,,,,,301
1,shared bedrooms,0 Spaces,0 Spaces,0 Spaces,0 Spaces,,,,,,,,,,,301
0,reservation_possible,,,,,,,,,,,,,,,303
1,single room,,,,,,,,,,,,,,,303
2,double rooms,,,,,,,,,,,,,,,303
3,shared bedrooms,,,,,,,,,,,,,,,303
4,large rooms,0 Spaces,,,,,,,,,,,,,,303
0,Large rooms,38 Spaces,38 Spaces,38 Spaces,38 Spaces,38 Spaces,38 Spaces,38 Spaces,38 Spaces,38 Spaces,38 Spaces,38 Spaces,38 Spaces,,,304
0,reservation_possible,,,,,,,,,,,,,,,305
1,Large rooms,0 Spaces,0 Spaces,,,,,,,,,,,,,305
0,large rooms,40 Spaces,40 Spaces,40 Spaces,40 Spaces,40 Spaces,40 Spaces,16 Spaces,40 Spaces,40 Spaces,40 Spaces,40 Spaces,40 Spaces,40 Spaces,19 Spaces,306
1,shared bedrooms,21 Spaces,28 Spaces,28 Spaces,28 Spaces,28 Spaces,3 Spaces,2 Spaces,28 Spaces,28 Spaces,28 Spaces,28 Spaces,28 Spaces,22 Spaces,18 Spaces,306
2,double rooms,2 Spaces,2 Spaces,2 Spaces,0 Spaces,2 Spaces,1 Spaces,0 Spaces,2 Spaces,2 Spaces,2 Spaces,0 Spaces,0 Spaces,2 Spaces,0 Spaces,306
0,Large rooms,32 Spaces,32 Spaces,35 Spaces,35 Spaces,35 Spaces,18 Spaces,0 Spaces,33 Spaces,35 Spaces,35 Spaces,35 Spaces,35 Spaces,20 Spaces,6 Spaces,307
1,Shared bedrooms,6 Spaces,9 Spaces,8 Spaces,9 Spaces,4 Spaces,1 Spaces,0 Spaces,9 Spaces,9 Spaces,9 Spaces,9 Spaces,9 Spaces,7 Spaces,0 Spaces,307
2,Double rooms,12 Spaces,13 Spaces,10 Spaces,15 Spaces,10 Spaces,0 Spaces,0 Spaces,16 Spaces,16 Spaces,16 Spaces,16 Spaces,16 Spaces,3 Spaces,0 Spaces,307
0,reservation_possible,,,,,,,,,,,,,,,308
1,Large rooms,0 Spaces,0 Spaces,,,,,,,,,,,,,308
0,reservation_possible,,,,,,,,,,,,,,,309
1,Large rooms,,,,,,,,,,,,,,,309
2,Shared bedrooms,0 Spaces,0 Spaces,,,,,,,,,,,,,309
0,double rooms,0 Spaces,0 Spaces,0 Spaces,0 Spaces,0 Spaces,0 Spaces,0 Spaces,0 Spaces,0 Spaces,0 Spaces,0 Spaces,0 Spaces,0 Spaces,0 Spaces,310
1,shared bedrooms,0 Spaces,0 Spaces,0 Spaces,0 Spaces,0 Spaces,0 Spaces,0 Spaces,0 Spaces,0 Spaces,0 Spaces,0 Spaces,0 Spaces,0 Spaces,0 Spaces,310
2,large rooms,0 Spaces,0 Spaces,0 Spaces,0 Spaces,0 Spaces,0 Spaces,0 Spaces,0 Spaces,0 Spaces,0 Spaces,0 Spaces,0 Spaces,0 Spaces,0 Spaces,310
0,Large rooms,15 Spaces,15 Spaces,20 Spaces,20 Spaces,20 Spaces,20 Spaces,0 Spaces,18 Spaces,20 Spaces,20 Spaces,20 Spaces,20 Spaces,20 Spaces,20 Spaces,311
0,Room with 10 places,10 Spaces,10 Spaces,10 Spaces,10 Spaces,10 Spaces,10 Spaces,10 Spaces,10 Spaces,10 Spaces,10 Spaces,10 Spaces,10 Spaces,10 Spaces,10 Spaces,312
1,Room with 6 places,6 Spaces,6 Spaces,6 Spaces,6 Spaces,6 Spaces,6 Spaces,6 Spaces,6 Spaces,6 Spaces,6 Spaces,6 Spaces,6 Spaces,6 Spaces,6 Spaces,312
0,Large rooms,29 Spaces,39 Spaces,14 Spaces,35 Spaces,39 Spaces,39 Spaces,,,,,,,,,314
1,Room with 6 places,0 Spaces,0 Spaces,6 Spaces,6 Spaces,6 Spaces,6 Spaces,,,,,,,,,314
2,Room with 4 places,4 Spaces,4 Spaces,4 Spaces,4 Spaces,4 Spaces,4 Spaces,,,,,,,,,314
0,double rooms,22 Spaces,22 Spaces,22 Spaces,22 Spaces,22 Spaces,22 Spaces,22 Spaces,22 Spaces,22 Spaces,22 Spaces,22 Spaces,22 Spaces,22 Spaces,22 Spaces,316
1,shared bedrooms,46 Spaces,46 Spaces,46 Spaces,46 Spaces,46 Spaces,46 Spaces,46 Spaces,46 Spaces,46 Spaces,46 Spaces,46 Spaces,46 Spaces,46 Spaces,46 Spaces,316
2,large rooms,30 Spaces,30 Spaces,30 Spaces,30 Spaces,30 Spaces,30 Spaces,30 Spaces,30 Spaces,30 Spaces,30 Spaces,30 Spaces,30 Spaces,30 Spaces,30 Spaces,316
0,reservation_possible,,,,,,,,,,,,,,,317
1,shared bedrooms,0 Spaces,0 Spaces,,,,,,,,,,,,,317
0,reservation_possible,,,,,,,,,,,,,,,318
1,Large rooms,0 Spaces,0 Spaces,,,,,,,,,,,,,318
0,reservation_possible,,,,,,,,,,,,,,,319
1,Double rooms,,,,,,,,,,,,,,,319
2,Large rooms,,,,,,,,,,,,,,,319
3,Dog room,0 Spaces,0 Spaces,,,,,,,,,,,,,319
0,reservation_possible,,,,,,,,,,,,,,,323
1,Large rooms,,,,,,,,,,,,,,,323
2,Shared bedrooms,,,,,,,,,,,,,,,323
3,Double rooms,,,,,,,,,,,,,,,323
0,reservation_possible,,,,,,,,,,,,,,,324
1,Large rooms,,,,,,,,,,,,,,,324
2,Shared bedrooms,,,,,,,,,,,,,,,324
3,Double rooms,0 Spaces,0 Spaces,0 Spaces,,,,,,,,,,,,324
0,Special Room,12 Spaces,12 Spaces,12 Spaces,12 Spaces,12 Spaces,12 Spaces,12 Spaces,12 Spaces,12 Spaces,12 Spaces,12 Spaces,3 Spaces,12 Spaces,,326
1,Room with 4 places,4 Spaces,4 Spaces,4 Spaces,4 Spaces,4 Spaces,4 Spaces,4 Spaces,4 Spaces,4 Spaces,4 Spaces,4 Spaces,0 Spaces,4 Spaces,,326
2,Double Room,2 Spaces,2 Spaces,2 Spaces,2 Spaces,2 Spaces,2 Spaces,2 Spaces,2 Spaces,2 Spaces,2 Spaces,2 Spaces,2 Spaces,2 Spaces,,326
0,Large rooms,0 Spaces,,,,,,,,,,,,,,327
1,Shared bedrooms,0 Spaces,,,,,,,,,,,,,,327
2,Double rooms,0 Spaces,0 Spaces,,,,,,,,,,,,,327
0,reservation_possible,,,,,,,,,,,,,,,328
1,large rooms,,,,,,,,,,,,,,,328
2,shared bedrooms,0 Spaces,0 Spaces,,,,,,,,,,,,,328
0,Large rooms,16 Spaces,16 Spaces,16 Spaces,16 Spaces,16 Spaces,0 Spaces,0 Spaces,16 Spaces,16 Spaces,16 Spaces,16 Spaces,16 Spaces,16 Spaces,16 Spaces,330
0,Large rooms,0 Spaces,0 Spaces,0 Spaces,0 Spaces,0 Spaces,0 Spaces,0 Spaces,0 Spaces,0 Spaces,0 Spaces,0 Spaces,0 Spaces,0 Spaces,0 Spaces,332
1,Unattended operation,8 Spaces,10 Spaces,10 Spaces,10 Spaces,10 Spaces,10 Spaces,10 Spaces,10 Spaces,10 Spaces,10 Spaces,10 Spaces,10 Spaces,10 Spaces,10 Spaces,332
0,Small rooms,0 Spaces,0 Spaces,0 Spaces,0 Spaces,0 Spaces,0 Spaces,1 Spaces,0 Spaces,0 Spaces,0 Spaces,0 Spaces,0 Spaces,0 Spaces,0 Spaces,333
1,Unattended operation,17 Spaces,17 Spaces,17 Spaces,15 Spaces,17 Spaces,6 Spaces,0 Spaces,15 Spaces,17 Spaces,17 Spaces,0 Spaces,0 Spaces,0 Spaces,0 Spaces,333
0,Small rooms,0 Spaces,0 Spaces,0 Spaces,0 Spaces,0 Spaces,0 Spaces,0 Spaces,0 Spaces,0 Spaces,0 Spaces,0 Spaces,0 Spaces,0 Spaces,0 Spaces,334
1,Unattended operation,4 Spaces,4 Spaces,4 Spaces,4 Spaces,4 Spaces,4 Spaces,4 Spaces,4 Spaces,4 Spaces,4 Spaces,4 Spaces,4 Spaces,4 Spaces,4 Spaces,334
0,large rooms,48 Spaces,46 Spaces,48 Spaces,48 Spaces,48 Spaces,46 Spaces,46 Spaces,48 Spaces,48 Spaces,48 Spaces,48 Spaces,48 Spaces,48 Spaces,48 Spaces,336
1,shared bedrooms,39 Spaces,39 Spaces,39 Spaces,39 Spaces,39 Spaces,33 Spaces,36 Spaces,39 Spaces,39 Spaces,39 Spaces,39 Spaces,39 Spaces,37 Spaces,25 Spaces,336
2,double rooms,4 Spaces,4 Spaces,2 Spaces,4 Spaces,4 Spaces,2 Spaces,4 Spaces,4 Spaces,4 Spaces,4 Spaces,4 Spaces,4 Spaces,2 Spaces,2 Spaces,336
0,reservation_possible,,,,,,,,,,,,,,,337
1,double rooms,,,,,,,,,,,,,,,337
2,shared bedrooms,,,,,,,,,,,,,,,337
3,large rooms,0 Spaces,0 Spaces,,,,,,,,,,,,,337
0,reservation_possible,,,,,,,,,,,,,,,338
1,Large rooms,,,,,,,,,,,,,,,338
2,Unattended operation,,,,,,,,,,,,,,,338
0,reservation_possible,,,,,,,,,,,,,,,339
1,Room with 4 places,,,,,,,,,,,,,,,339
2,Room with 6 places,0 Spaces,0 Spaces,0 Spaces,0 Spaces,0 Spaces,0 Spaces,0 Spaces,0 Spaces,0 Spaces,0 Spaces,0 Spaces,0 Spaces,0 Spaces,0 Spaces,339
0,Large rooms,0 Spaces,0 Spaces,0 Spaces,0 Spaces,0 Spaces,0 Spaces,0 Spaces,0 Spaces,0 Spaces,0 Spaces,0 Spaces,0 Spaces,0 Spaces,0 Spaces,340
1,Unattended operation,12 Spaces,12 Spaces,12 Spaces,12 Spaces,12 Spaces,12 Spaces,12 Spaces,12 Spaces,12 Spaces,12 Spaces,12 Spaces,12 Spaces,12 Spaces,12 Spaces,340
0,Large rooms,22 Spaces,23 Spaces,22 Spaces,0 Spaces,30 Spaces,28 Spaces,0 Spaces,,,,,,,,341
1,Room with 4 places,0 Spaces,0 Spaces,0 Spaces,0 Spaces,3 Spaces,0 Spaces,0 Spaces,,,,,,,,341
2,Room with 6 places,10 Spaces,7 Spaces,4 Spaces,0 Spaces,8 Spaces,2 Spaces,0 Spaces,,,,,,,,341
0,Double rooms,4 Spaces,4 Spaces,4 Spaces,2 Spaces,2 Spaces,4 Spaces,4 Spaces,4 Spaces,4 Spaces,4 Spaces,4 Spaces,4 Spaces,4 Spaces,2 Spaces,342
1,Shared bedrooms,10 Spaces,10 Spaces,10 Spaces,10 Spaces,10 Spaces,10 Spaces,10 Spaces,10 Spaces,10 Spaces,10 Spaces,10 Spaces,10 Spaces,10 Spaces,10 Spaces,342
2,Large rooms,25 Spaces,25 Spaces,25 Spaces,25 Spaces,25 Spaces,25 Spaces,25 Spaces,25 Spaces,25 Spaces,25 Spaces,25 Spaces,25 Spaces,25 Spaces,25 Spaces,342
0,large rooms,21 Spaces,21 Spaces,11 Spaces,21 Spaces,20 Spaces,5 Spaces,15 Spaces,,,,,,,,343
1,shared bedrooms,20 Spaces,20 Spaces,17 Spaces,18 Spaces,15 Spaces,14 Spaces,5 Spaces,,,,,,,,343
0,Large rooms,8 Spaces,8 Spaces,8 Spaces,8 Spaces,8 Spaces,8 Spaces,8 Spaces,8 Spaces,0 Spaces,0 Spaces,0 Spaces,1 Spaces,8 Spaces,8 Spaces,344
0,Large rooms,10 Spaces,10 Spaces,10 Spaces,10 Spaces,10 Spaces,10 Spaces,10 Spaces,10 Spaces,10 Spaces,10 Spaces,10 Spaces,10 Spaces,10 Spaces,10 Spaces,346
1,Double Room,10 Spaces,10 Spaces,10 Spaces,10 Spaces,10 Spaces,10 Spaces,10 Spaces,10 Spaces,10 Spaces,10 Spaces,10 Spaces,10 Spaces,10 Spaces,10 Spaces,346
2,Special Room,1 Spaces,1 Spaces,1 Spaces,1 Spaces,1 Spaces,1 Spaces,1 Spaces,1 Spaces,1 Spaces,1 Spaces,1 Spaces,1 Spaces,1 Spaces,1 Spaces,346
3,Unattended operation,0 Spaces,0 Spaces,0 Spaces,0 Spaces,0 Spaces,0 Spaces,0 Spaces,0 Spaces,0 Spaces,0 Spaces,0 Spaces,0 Spaces,0 Spaces,0 Spaces,346
0,Double Room,13 Spaces,11 Spaces,13 Spaces,0 Spaces,0 Spaces,13 Spaces,0 Spaces,0 Spaces,0 Spaces,0 Spaces,0 Spaces,0 Spaces,0 Spaces,0 Spaces,347
1,Room with 4 places,8 Spaces,8 Spaces,8 Spaces,0 Spaces,0 Spaces,8 Spaces,0 Spaces,0 Spaces,0 Spaces,0 Spaces,0 Spaces,0 Spaces,0 Spaces,0 Spaces,347
2,Large rooms,30 Spaces,30 Spaces,30 Spaces,0 Spaces,0 Spaces,24 Spaces,24 Spaces,0 Spaces,0 Spaces,0 Spaces,0 Spaces,0 Spaces,0 Spaces,0 Spaces,347
3,Special Room,2 Spaces,2 Spaces,2 Spaces,0 Spaces,0 Spaces,0 Spaces,0 Spaces,0 Spaces,0 Spaces,0 Spaces,0 Spaces,0 Spaces,0 Spaces,0 Spaces,347
0,Large rooms,8 Spaces,8 Spaces,8 Spaces,8 Spaces,8 Spaces,8 Spaces,8 Spaces,8 Spaces,8 Spaces,8 Spaces,8 Spaces,8 Spaces,8 Spaces,8 Spaces,348
0,Large rooms,0 Spaces,0 Spaces,0 Spaces,0 Spaces,0 Spaces,0 Spaces,0 Spaces,0 Spaces,0 Spaces,0 Spaces,0 Spaces,0 Spaces,0 Spaces,0 Spaces,349
1,Unattended operation,10 Spaces,10 Spaces,10 Spaces,10 Spaces,10 Spaces,10 Spaces,10 Spaces,10 Spaces,10 Spaces,10 Spaces,10 Spaces,10 Spaces,10 Spaces,10 Spaces,349
0,Large rooms,20 Spaces,20 Spaces,20 Spaces,20 Spaces,20 Spaces,20 Spaces,0 Spaces,20 Spaces,13 Spaces,20 Spaces,20 Spaces,20 Spaces,20 Spaces,20 Spaces,350
1,Unattended operation,0 Spaces,0 Spaces,0 Spaces,0 Spaces,0 Spaces,0 Spaces,0 Spaces,0 Spaces,0 Spaces,0 Spaces,0 Spaces,0 Spaces,0 Spaces,0 Spaces,350
0,shared bedrooms,10 Spaces,14 Spaces,14 Spaces,14 Spaces,14 Spaces,10 Spaces,0 Spaces,14 Spaces,9 Spaces,14 Spaces,14 Spaces,14 Spaces,14 Spaces,10 Spaces,353
1,large rooms,16 Spaces,18 Spaces,18 Spaces,18 Spaces,18 Spaces,18 Spaces,0 Spaces,18 Spaces,18 Spaces,18 Spaces,18 Spaces,18 Spaces,18 Spaces,12 Spaces,353
2,double rooms,0 Spaces,0 Spaces,2 Spaces,2 Spaces,2 Spaces,0 Spaces,0 Spaces,2 Spaces,0 Spaces,2 Spaces,2 Spaces,2 Spaces,2 Spaces,0 Spaces,353
0,reservation_possible,,,,,,,,,,,,,,,354
1,Double rooms,,,,,,,,,,,,,,,354
2,Shared bedrooms,,,,,,,,,,,,,,,354
3,Large rooms,0 Spaces,0 Spaces,,,,,,,,,,,,,354
0,large rooms,36 Spaces,38 Spaces,38 Spaces,38 Spaces,32 Spaces,17 Spaces,0 Spaces,0 Spaces,0 Spaces,0 Spaces,0 Spaces,0 Spaces,0 Spaces,0 Spaces,355
1,shared bedrooms,0 Spaces,0 Spaces,0 Spaces,0 Spaces,0 Spaces,0 Spaces,0 Spaces,0 Spaces,0 Spaces,0 Spaces,0 Spaces,0 Spaces,0 Spaces,0 Spaces,355
0,reservation_possible,,,,,,,,,,,,,,,356
1,double rooms,,,,,,,,,,,,,,,356
2,large rooms,0 Spaces,0 Spaces,,,,,,,,,,,,,356
0,Large rooms,19 Spaces,19 Spaces,19 Spaces,19 Spaces,19 Spaces,19 Spaces,17 Spaces,17 Spaces,19 Spaces,19 Spaces,19 Spaces,19 Spaces,19 Spaces,0 Spaces,363
1,Small rooms,6 Spaces,6 Spaces,6 Spaces,6 Spaces,6 Spaces,0 Spaces,6 Spaces,6 Spaces,6 Spaces,6 Spaces,6 Spaces,6 Spaces,6 Spaces,0 Spaces,363
2,Room with 6 places,6 Spaces,6 Spaces,6 Spaces,6 Spaces,6 Spaces,6 Spaces,6 Spaces,6 Spaces,6 Spaces,6 Spaces,6 Spaces,6 Spaces,6 Spaces,0 Spaces,363
3,Room with 4 places,4 Spaces,4 Spaces,4 Spaces,4 Spaces,4 Spaces,4 Spaces,4 Spaces,4 Spaces,4 Spaces,4 Spaces,4 Spaces,4 Spaces,4 Spaces,0 Spaces,363
4,Unattended operation,0 Spaces,0 Spaces,0 Spaces,0 Spaces,0 Spaces,0 Spaces,0 Spaces,0 Spaces,0 Spaces,0 Spaces,0 Spaces,0 Spaces,0 Spaces,0 Spaces,363
0,reservation_possible,,,,,,,,,,,,,,,365
1,Large rooms,,,,,,,,,,,,,,,365
2,Shared bedrooms,,,,,,,,,,,,,,,365
3,Double rooms,0 Spaces,0 Spaces,,,,,,,,,,,,,365
0,reservation_possible,,,,,,,,,,,,,,,366
1,Shared bedrooms,,,,,,,,,,,,,,,366
2,Large rooms,0 Spaces,,,,,,,,,,,,,,366
0,reservation_possible,,,,,,,,,,,,,,,369
1,Large rooms,,,,,,,,,,,,,,,369
2,Shared bedrooms,0 Spaces,0 Spaces,,,,,,,,,,,,,369
0,reservation_possible,,,,,,,,,,,,,,,370
1,Shared bedrooms,,,,,,,,,,,,,,,370
2,Large rooms,0 Spaces,0 Spaces,,,,,,,,,,,,,370
0,reservation_possible,,,,,,,,,,,,,,,371
1,Large rooms,0 Spaces,,,,,,,,,,,,,,371
0,reservation_possible,,,,,,,,,,,,,,,372
1,Shared bedrooms,,,,,,,,,,,,,,,372
2,Large rooms,0 Spaces,0 Spaces,,,,,,,,,,,,,372
0,Large rooms,29 Spaces,21 Spaces,30 Spaces,0 Spaces,0 Spaces,26 Spaces,0 Spaces,31 Spaces,0 Spaces,0 Spaces,0 Spaces,0 Spaces,31 Spaces,31 Spaces,373
1,Shared bedrooms,22 Spaces,20 Spaces,13 Spaces,0 Spaces,0 Spaces,24 Spaces,0 Spaces,22 Spaces,0 Spaces,0 Spaces,0 Spaces,0 Spaces,24 Spaces,23 Spaces,373
2,Double rooms,0 Spaces,0 Spaces,0 Spaces,0 Spaces,0 Spaces,0 Spaces,0 Spaces,0 Spaces,0 Spaces,0 Spaces,0 Spaces,0 Spaces,0 Spaces,0 Spaces,373
0,Large rooms,,,,,,,,,,,,,,,374
1,Unattended operation,,,,,,,,,,,,,,,374
0,Large rooms,29 Spaces,21 Spaces,30 Spaces,0 Spaces,0 Spaces,26 Spaces,0 Spaces,31 Spaces,0 Spaces,0 Spaces,0 Spaces,0 Spaces,31 Spaces,31 Spaces,377
0,Large rooms,24 Spaces,24 Spaces,24 Spaces,24 Spaces,24 Spaces,24 Spaces,24 Spaces,24 Spaces,24 Spaces,24 Spaces,24 Spaces,24 Spaces,24 Spaces,24 Spaces,378
0,reservation_possible,,,,,,,,,,,,,,,379
1,Large rooms,0 Spaces,0 Spaces,0 Spaces,,,,,,,,,,,,379
0,reservation_possible,,,,,,,,,,,,,,,381
1,Large rooms,0 Spaces,0 Spaces,0 Spaces,,,,,,,,,,,,381
0,Large rooms,0 Spaces,0 Spaces,0 Spaces,0 Spaces,0 Spaces,0 Spaces,0 Spaces,0 Spaces,0 Spaces,0 Spaces,0 Spaces,0 Spaces,0 Spaces,0 Spaces,382
1,Unattended operation,24 Spaces,24 Spaces,24 Spaces,24 Spaces,24 Spaces,24 Spaces,24 Spaces,24 Spaces,24 Spaces,24 Spaces,24 Spaces,24 Spaces,24 Spaces,24 Spaces,382
0,large rooms,20 Spaces,20 Spaces,20 Spaces,20 Spaces,20 Spaces,20 Spaces,0 Spaces,20 Spaces,20 Spaces,20 Spaces,20 Spaces,20 Spaces,20 Spaces,4 Spaces,383
1,"Winterraum, Biwak, SV",0 Spaces,0 Spaces,0 Spaces,0 Spaces,0 Spaces,0 Spaces,0 Spaces,0 Spaces,0 Spaces,0 Spaces,0 Spaces,0 Spaces,0 Spaces,0 Spaces,383
0,Large rooms,40 Spaces,,,,,,,,,,,,,,385
1,Shared bedrooms,35 Spaces,0 Spaces,,,,,,,,,,,,,385
0,reservation_possible,,,,,,,,,,,,,,,386
1,Large rooms,0 Spaces,0 Spaces,,,,,,,,,,,,,386
0,Large rooms,1 Spaces,1 Spaces,1 Spaces,1 Spaces,0 Spaces,0 Spaces,0 Spaces,1 Spaces,1 Spaces,1 Spaces,1 Spaces,1 Spaces,0 Spaces,0 Spaces,387
0,reservation_possible,,,,,,,,,,,,,,,388
1,Large rooms,0 Spaces,0 Spaces,,,,,,,,,,,,,388
0,large rooms,28 Spaces,28 Spaces,28 Spaces,28 Spaces,28 Spaces,28 Spaces,28 Spaces,28 Spaces,28 Spaces,28 Spaces,28 Spaces,28 Spaces,28 Spaces,28 Spaces,389
0,reservation_possible,,,,,,,,,,,,,,,391
1,Large rooms,,,,,,,,,,,,,,,391
2,Double Room,0 Spaces,0 Spaces,0 Spaces,,,,,,,,,,,,391
0,large rooms,28 Spaces,28 Spaces,28 Spaces,28 Spaces,28 Spaces,20 Spaces,11 Spaces,28 Spaces,28 Spaces,28 Spaces,28 Spaces,28 Spaces,18 Spaces,0 Spaces,393
1,shared bedrooms,40 Spaces,40 Spaces,40 Spaces,40 Spaces,40 Spaces,24 Spaces,0 Spaces,40 Spaces,40 Spaces,40 Spaces,40 Spaces,40 Spaces,17 Spaces,0 Spaces,393
2,double rooms,8 Spaces,6 Spaces,4 Spaces,6 Spaces,8 Spaces,1 Spaces,4 Spaces,8 Spaces,8 Spaces,8 Spaces,6 Spaces,6 Spaces,4 Spaces,0 Spaces,393
0,reservation_possible,,,,,,,,,,,,,,,394
1,Large rooms,,,,,,,,,,,,,,,394
2,Special Room,,,,,,,,,,,,,,,394
3,Small rooms,0 Spaces,0 Spaces,0 Spaces,0 Spaces,0 Spaces,0 Spaces,0 Spaces,0 Spaces,,,,,,,394
0,reservation_possible,,,,,,,,,,,,,,,395
1,Large rooms,0 Spaces,,,,,,,,,,,,,,395
0,reservation_possible,,,,,,,,,,,,,,,396
1,large rooms,,,,,,,,,,,,,,,396
2,double rooms,,,,,,,,,,,,,,,396
3,shared bedrooms,0 Spaces,0 Spaces,,,,,,,,,,,,,396
0,reservation_possible,,,,,,,,,,,,,,,397
1,Large rooms,0 Spaces,0 Spaces,,,,,,,,,,,,,397
0,Large rooms,64 Spaces,59 Spaces,63 Spaces,71 Spaces,71 Spaces,65 Spaces,22 Spaces,71 Spaces,71 Spaces,71 Spaces,71 Spaces,71 Spaces,68 Spaces,55 Spaces,398
1,Special Room,2 Spaces,2 Spaces,0 Spaces,0 Spaces,0 Spaces,0 Spaces,0 Spaces,0 Spaces,0 Spaces,0 Spaces,0 Spaces,0 Spaces,0 Spaces,0 Spaces,398
2,Double Room,2 Spaces,2 Spaces,0 Spaces,2 Spaces,0 Spaces,0 Spaces,0 Spaces,2 Spaces,2 Spaces,2 Spaces,2 Spaces,2 Spaces,2 Spaces,0 Spaces,398
3,Unattended operation,0 Spaces,0 Spaces,0 Spaces,0 Spaces,0 Spaces,0 Spaces,0 Spaces,0 Spaces,0 Spaces,0 Spaces,0 Spaces,0 Spaces,0 Spaces,0 Spaces,398
0,reservation_possible,,,,,,,,,,,,,,,399
1,Large rooms,,,,,,,,,,,,,,,399
2,Double Room,0 Spaces,0 Spaces,,,,,,,,,,,,,399
0,Large rooms,0 Spaces,0 Spaces,0 Spaces,0 Spaces,0 Spaces,0 Spaces,0 Spaces,0 Spaces,0 Spaces,0 Spaces,0 Spaces,0 Spaces,0 Spaces,0 Spaces,400
1,Unattended operation,15 Spaces,15 Spaces,15 Spaces,15 Spaces,15 Spaces,15 Spaces,15 Spaces,15 Spaces,15 Spaces,15 Spaces,15 Spaces,15 Spaces,15 Spaces,15 Spaces,400
0,reservation_possible,,,,,,,,,,,,,,,401
1,large rooms,,,,,,,,,,,,,,,401
2,double rooms,,,,,,,,,,,,,,,401
3,shared bedrooms,,,,,,,,,,,,,,,401
4,single room,0 Spaces,0 Spaces,,,,,,,,,,,,,401
0,reservation_possible,,,,,,,,,,,,,,,402
1,double rooms,,,,,,,,,,,,,,,402
2,large rooms,,,,,,,,,,,,,,,402
3,dormitories,0 Spaces,,,,,,,,,,,,,,402
0,reservation_possible,,,,,,,,,,,,,,,403
1,large rooms,,,,,,,,,,,,,,,403
2,double rooms,,,,,,,,,,,,,,,403
0,reservation_possible,,,,,,,,,,,,,,,404
1,Large rooms,,,,,,,,,,,,,,,404
0,reservation_possible,,,,,,,,,,,,,,,405
1,Large rooms,,,,,,,,,,,,,,,405
2,Unattended operation,,,,,,,,,,,,,,,405
0,reservation_possible,,,,,,,,,,,,,,,406
1,Large rooms,0 Spaces,0 Spaces,,,,,0 Spaces,,,,,,,12 Spaces,406
0,reservation_possible,,,,,,,,,,,,,,,407
1,Large rooms,,,,32 Spaces,0 Spaces,32 Spaces,0 Spaces,,,,33 Spaces,0 Spaces,16 Spaces,0 Spaces,407
2,Shared bedrooms,0 Spaces,,,11 Spaces,18 Spaces,13 Spaces,0 Spaces,,,,32 Spaces,0 Spaces,1 Spaces,0 Spaces,407
0,reservation_possible,,,,,,,,,,,,,,,408
1,shared bedrooms,0 Spaces,,,,,,,,,,,,,,408
0,reservation_possible,,,,,,,,,,,,,,,410
1,dormitories,,,,,,,,,,,,,,,410
2,large rooms,,,,,,,,,,,,,,,410
3,double rooms,0 Spaces,,,,,,,,,,,,,,410
0,reservation_possible,,,,,,,,,,,,,,,411
1,single room,,,,,,,,,,,,,,,411
2,double rooms,,,,,,,,,,,,,,,411
3,shared bedrooms,,,,,,,,,,,,,,,411
4,large rooms,,,,,,,,,,,,,,,411
0,reservation_possible,,,,,,,,,,,,,,,412
1,large rooms,,,,,,,,,,,,,,,412
2,shared bedrooms,0 Spaces,0 Spaces,0 Spaces,0 Spaces,0 Spaces,0 Spaces,0 Spaces,0 Spaces,,,,,,,412
0,Large rooms,0 Spaces,0 Spaces,0 Spaces,30 Spaces,34 Spaces,34 Spaces,25 Spaces,0 Spaces,,,,,,,413
0,reservation_possible,,,,,,,,,,,,,,,415
1,large rooms,,,,,,,,,,,,,,,415
2,shared bedrooms,0 Spaces,,,,,,,,,,,,,,415
0,reservation_possible,,,,,,,,,,,,,,,416
1,large rooms,,,,,,,,,,,,,,,416
2,double rooms,,,,,,,,,,,,,,,416
3,shared bedrooms,0 Spaces,0 Spaces,,,,,,,,,,,,,416
0,Large rooms,30 Spaces,30 Spaces,30 Spaces,30 Spaces,30 Spaces,0 Spaces,20 Spaces,30 Spaces,30 Spaces,30 Spaces,30 Spaces,30 Spaces,30 Spaces,0 Spaces,417
0,Rooms,18 Spaces,18 Spaces,18 Spaces,18 Spaces,18 Spaces,18 Spaces,18 Spaces,18 Spaces,18 Spaces,18 Spaces,18 Spaces,18 Spaces,18 Spaces,18 Spaces,419
1,Unguarded hut,0 Spaces,0 Spaces,0 Spaces,0 Spaces,0 Spaces,0 Spaces,0 Spaces,0 Spaces,0 Spaces,0 Spaces,0 Spaces,0 Spaces,0 Spaces,0 Spaces,419
0,reservation_possible,,,,,,,,,,,,,,,420
1,Large rooms,,,,,,,,,,,,,,,420
2,Unattended operation,0 Spaces,0 Spaces,,,,,,,,,,,,,420
0,reservation_possible,,,,,,,,,,,,,,,424
1,double rooms,,,,0 Spaces,0 Spaces,3 Spaces,0 Spaces,,,,6 Spaces,8 Spaces,2 Spaces,0 Spaces,424
2,shared bedrooms,,,,24 Spaces,15 Spaces,20 Spaces,0 Spaces,,,,24 Spaces,24 Spaces,24 Spaces,0 Spaces,424
3,large rooms,0 Spaces,0 Spaces,,12 Spaces,12 Spaces,12 Spaces,0 Spaces,,,,12 Spaces,12 Spaces,12 Spaces,0 Spaces,424
0,large rooms,8 Spaces,8 Spaces,8 Spaces,8 Spaces,8 Spaces,8 Spaces,4 Spaces,8 Spaces,8 Spaces,8 Spaces,8 Spaces,8 Spaces,8 Spaces,8 Spaces,425
1,shared bedrooms,16 Spaces,16 Spaces,16 Spaces,16 Spaces,16 Spaces,13 Spaces,10 Spaces,16 Spaces,16 Spaces,16 Spaces,16 Spaces,16 Spaces,16 Spaces,16 Spaces,425
2,double rooms,2 Spaces,2 Spaces,2 Spaces,2 Spaces,2 Spaces,0 Spaces,2 Spaces,2 Spaces,2 Spaces,2 Spaces,2 Spaces,2 Spaces,2 Spaces,2 Spaces,425
0,large rooms,12 Spaces,12 Spaces,12 Spaces,12 Spaces,12 Spaces,12 Spaces,12 Spaces,12 Spaces,12 Spaces,12 Spaces,12 Spaces,12 Spaces,12 Spaces,12 Spaces,428
1,shared bedrooms,8 Spaces,8 Spaces,8 Spaces,8 Spaces,8 Spaces,8 Spaces,8 Spaces,8 Spaces,8 Spaces,8 Spaces,8 Spaces,8 Spaces,8 Spaces,8 Spaces,428
0,shared bedrooms,1 Spaces,1 Spaces,1 Spaces,1 Spaces,1 Spaces,1 Spaces,0 Spaces,1 Spaces,1 Spaces,1 Spaces,1 Spaces,1 Spaces,1 Spaces,0 Spaces,429
1,large rooms,1 Spaces,1 Spaces,1 Spaces,1 Spaces,1 Spaces,1 Spaces,1 Spaces,1 Spaces,1 Spaces,1 Spaces,1 Spaces,1 Spaces,1 Spaces,0 Spaces,429
0,large rooms,42 Spaces,42 Spaces,42 Spaces,42 Spaces,42 Spaces,42 Spaces,36 Spaces,42 Spaces,42 Spaces,42 Spaces,42 Spaces,42 Spaces,42 Spaces,42 Spaces,430
1,shared bedrooms,4 Spaces,4 Spaces,4 Spaces,4 Spaces,4 Spaces,4 Spaces,0 Spaces,4 Spaces,4 Spaces,4 Spaces,4 Spaces,4 Spaces,4 Spaces,4 Spaces,430
2,double rooms,10 Spaces,10 Spaces,10 Spaces,10 Spaces,10 Spaces,10 Spaces,0 Spaces,10 Spaces,10 Spaces,10 Spaces,10 Spaces,10 Spaces,10 Spaces,10 Spaces,430
0,shared bedrooms,3 Spaces,,,,3 Spaces,3 Spaces,3 Spaces,3 Spaces,,,,0 Spaces,0 Spaces,3 Spaces,434
1,double rooms,4 Spaces,,,,4 Spaces,4 Spaces,4 Spaces,4 Spaces,,,,0 Spaces,0 Spaces,4 Spaces,434
2,large rooms,26 Spaces,,,,26 Spaces,26 Spaces,26 Spaces,26 Spaces,,,,0 Spaces,0 Spaces,26 Spaces,434
3,"Winterraum, Biwak, SV",0 Spaces,0 Spaces,0 Spaces,0 Spaces,0 Spaces,0 Spaces,0 Spaces,0 Spaces,,,,0 Spaces,0 Spaces,0 Spaces,434
0,Room with 8 places,0 Spaces,0 Spaces,0 Spaces,0 Spaces,0 Spaces,0 Spaces,0 Spaces,0 Spaces,0 Spaces,0 Spaces,0 Spaces,0 Spaces,0 Spaces,0 Spaces,435
1,Room with 6 places,0 Spaces,0 Spaces,0 Spaces,0 Spaces,0 Spaces,0 Spaces,0 Spaces,0 Spaces,0 Spaces,0 Spaces,0 Spaces,0 Spaces,0 Spaces,0 Spaces,435
2,Dormitory,4 Spaces,2 Spaces,2 Spaces,1 Spaces,4 Spaces,3 Spaces,4 Spaces,4 Spaces,2 Spaces,2 Spaces,2 Spaces,4 Spaces,4 Spaces,2 Spaces,435
3,Tent,0 Spaces,0 Spaces,0 Spaces,0 Spaces,0 Spaces,0 Spaces,0 Spaces,0 Spaces,0 Spaces,0 Spaces,0 Spaces,0 Spaces,0 Spaces,0 Spaces,435
4,Unguarded hut,0 Spaces,0 Spaces,0 Spaces,0 Spaces,0 Spaces,0 Spaces,0 Spaces,0 Spaces,0 Spaces,0 Spaces,0 Spaces,0 Spaces,0 Spaces,0 Spaces,435
0,reservation_possible,,,,,,,,,,,,,,,436
1,Large rooms,0 Spaces,0 Spaces,,,,,,,,,,,,,436
0,reservation_possible,,,,,,,,,,,,,,,437
1,Double rooms,,,,,,,,,,,,,,,437
2,Shared bedrooms,,,,,,,,,,,,,,,437
3,Large rooms,0 Spaces,0 Spaces,,,,,,,,,,,,,437
0,reservation_possible,,,,,,,,,,,,,,,438
1,Shared bedrooms,0 Spaces,,,,,18 Spaces,0 Spaces,,,,,,0 Spaces,4 Spaces,438
0,Shared bedrooms,0 Spaces,0 Spaces,0 Spaces,0 Spaces,0 Spaces,0 Spaces,16 Spaces,16 Spaces,16 Spaces,16 Spaces,16 Spaces,16 Spaces,16 Spaces,0 Spaces,439
0,reservation_possible,,,,,,,,,,,,,,,442
1,shared bedrooms,,,,,,,,,,,,,,,442
2,large rooms,0 Spaces,0 Spaces,0 Spaces,,,,,,,,,,,,442
0,reservation_possible,,,,,,,,,,,,,,,444
1,Small rooms,0 Spaces,0 Spaces,0 Spaces,,,,,,,,,,,,444
0,Large rooms,6 Spaces,6 Spaces,6 Spaces,6 Spaces,6 Spaces,6 Spaces,6 Spaces,6 Spaces,6 Spaces,6 Spaces,6 Spaces,6 Spaces,6 Spaces,6 Spaces,445
1,Unattended operation,0 Spaces,0 Spaces,0 Spaces,0 Spaces,0 Spaces,0 Spaces,0 Spaces,0 Spaces,0 Spaces,0 Spaces,0 Spaces,0 Spaces,0 Spaces,0 Spaces,445
0,reservation_possible,,,,,,,,,,,,,,,446
1,Large rooms,0 Spaces,0 Spaces,0 Spaces,,,,,,,,,,,,446
0,reservation_possible,,,,,,,,,,,,,,,447
1,Room with 10 places,,,,,,,,,,,,,,,447
2,Special Room,0 Spaces,,,,,,,,,,,,,,447
0,reservation_possible,,,,,,,,,,,,,,,452
1,Double rooms,,,,,,,,,,,,,,,452
2,Shared bedrooms,,,,,,,,,,,,,,,452
3,Large rooms,0 Spaces,0 Spaces,,,,,,,,,,,,,452
0,Large rooms,62 Spaces,2 Spaces,0 Spaces,18 Spaces,,,,,,,,,,,453
1,Special Room,20 Spaces,0 Spaces,0 Spaces,2 Spaces,,,,,,,,,,,453
0,Large rooms,62 Spaces,2 Spaces,0 Spaces,18 Spaces,,,,,,,,,,,454
0,reservation_possible,,,,,,,,,,,,,,,456
1,Shared bedrooms,,,,,,,,,,,,,,,456
2,Large rooms,0 Spaces,,,,,,,,,,,,,,456
0,Large rooms,30 Spaces,30 Spaces,15 Spaces,9 Spaces,24 Spaces,30 Spaces,30 Spaces,30 Spaces,30 Spaces,30 Spaces,30 Spaces,30 Spaces,25 Spaces,25 Spaces,461
0,reservation_possible,,,,,,,,,,,,,,,467
1,Large rooms,0 Spaces,0 Spaces,17 Spaces,12 Spaces,13 Spaces,17 Spaces,17 Spaces,,,17 Spaces,17 Spaces,17 Spaces,17 Spaces,8 Spaces,467
0,Double rooms,6 Spaces,4 Spaces,0 Spaces,6 Spaces,6 Spaces,6 Spaces,0 Spaces,4 Spaces,6 Spaces,0 Spaces,6 Spaces,6 Spaces,6 Spaces,0 Spaces,468
1,Shared bedrooms,24 Spaces,21 Spaces,0 Spaces,20 Spaces,24 Spaces,22 Spaces,22 Spaces,24 Spaces,24 Spaces,0 Spaces,24 Spaces,24 Spaces,24 Spaces,16 Spaces,468
2,Large rooms,28 Spaces,28 Spaces,0 Spaces,28 Spaces,28 Spaces,28 Spaces,28 Spaces,28 Spaces,28 Spaces,0 Spaces,28 Spaces,28 Spaces,28 Spaces,28 Spaces,468
0,reservation_possible,,,,,,,,,,,,,,,469
1,large rooms,,,,19 Spaces,19 Spaces,0 Spaces,1 Spaces,19 Spaces,19 Spaces,19 Spaces,7 Spaces,7 Spaces,7 Spaces,1 Spaces,469
2,shared bedrooms,,,,10 Spaces,9 Spaces,0 Spaces,0 Spaces,15 Spaces,15 Spaces,15 Spaces,13 Spaces,13 Spaces,13 Spaces,0 Spaces,469
3,"Winterraum, Biwak, SV",0 Spaces,0 Spaces,,0 Spaces,0 Spaces,0 Spaces,0 Spaces,0 Spaces,0 Spaces,0 Spaces,0 Spaces,0 Spaces,0 Spaces,0 Spaces,469
0,Large rooms,0 Spaces,0 Spaces,0 Spaces,0 Spaces,0 Spaces,0 Spaces,0 Spaces,0 Spaces,0 Spaces,0 Spaces,0 Spaces,0 Spaces,0 Spaces,0 Spaces,472
1,Unattended operation,25 Spaces,25 Spaces,25 Spaces,25 Spaces,25 Spaces,25 Spaces,25 Spaces,25 Spaces,25 Spaces,25 Spaces,25 Spaces,25 Spaces,25 Spaces,23 Spaces,472
0,reservation_possible,,,,,,,,,,,,,,,473
1,Large rooms,0 Spaces,0 Spaces,0 Spaces,0 Spaces,,,,,,,,,,,473
0,Large rooms,29 Spaces,29 Spaces,25 Spaces,32 Spaces,30 Spaces,28 Spaces,12 Spaces,32 Spaces,32 Spaces,32 Spaces,32 Spaces,32 Spaces,30 Spaces,25 Spaces,474
0,Double rooms,10 Spaces,10 Spaces,10 Spaces,10 Spaces,10 Spaces,10 Spaces,9 Spaces,9 Spaces,9 Spaces,9 Spaces,9 Spaces,9 Spaces,9 Spaces,10 Spaces,475
1,Shared bedrooms,15 Spaces,17 Spaces,17 Spaces,17 Spaces,17 Spaces,17 Spaces,17 Spaces,17 Spaces,17 Spaces,17 Spaces,17 Spaces,17 Spaces,17 Spaces,17 Spaces,475
2,Large rooms,24 Spaces,24 Spaces,24 Spaces,24 Spaces,24 Spaces,24 Spaces,24 Spaces,24 Spaces,24 Spaces,24 Spaces,24 Spaces,24 Spaces,24 Spaces,24 Spaces,475
3,Unserviced mode,0 Spaces,0 Spaces,0 Spaces,0 Spaces,0 Spaces,0 Spaces,0 Spaces,0 Spaces,0 Spaces,0 Spaces,0 Spaces,0 Spaces,0 Spaces,0 Spaces,475
0,reservation_possible,,,,,,,,,,,,,,,476
1,Large rooms,,,,,,,,,,,,,,,476
2,Shared bedrooms,0 Spaces,0 Spaces,,,,,,,,,,,,,476
0,Rooms,0 Spaces,0 Spaces,0 Spaces,0 Spaces,0 Spaces,0 Spaces,0 Spaces,0 Spaces,0 Spaces,0 Spaces,0 Spaces,0 Spaces,0 Spaces,,477
1,Tent,0 Spaces,0 Spaces,0 Spaces,0 Spaces,0 Spaces,0 Spaces,0 Spaces,0 Spaces,0 Spaces,0 Spaces,0 Spaces,0 Spaces,0 Spaces,,477
2,Unguarded hut,20 Spaces,20 Spaces,19 Spaces,20 Spaces,20 Spaces,20 Spaces,4 Spaces,17 Spaces,20 Spaces,20 Spaces,20 Spaces,18 Spaces,20 Spaces,,477
0,Rooms,1 Spaces,4 Spaces,6 Spaces,0 Spaces,0 Spaces,0 Spaces,2 Spaces,0 Spaces,0 Spaces,0 Spaces,0 Spaces,0 Spaces,0 Spaces,0 Spaces,479
1,Tent,0 Spaces,0 Spaces,0 Spaces,0 Spaces,0 Spaces,0 Spaces,0 Spaces,0 Spaces,0 Spaces,0 Spaces,0 Spaces,0 Spaces,0 Spaces,0 Spaces,479
2,Unguarded hut,0 Spaces,0 Spaces,0 Spaces,0 Spaces,0 Spaces,0 Spaces,0 Spaces,0 Spaces,0 Spaces,0 Spaces,0 Spaces,0 Spaces,0 Spaces,0 Spaces,479
0,reservation_possible,,,,,,,,,,,,,,,480
1,Dormitory,,,,,,,,,,,,,,,480
2,Unguarded hut,0 Spaces,,,,,,,,,,,,,,480
0,Dormitory,0 Spaces,0 Spaces,0 Spaces,0 Spaces,0 Spaces,0 Spaces,0 Spaces,0 Spaces,0 Spaces,0 Spaces,0 Spaces,0 Spaces,0 Spaces,0 Spaces,481
1,Unguarded hut,20 Spaces,19 Spaces,20 Spaces,22 Spaces,22 Spaces,20 Spaces,0 Spaces,0 Spaces,0 Spaces,0 Spaces,0 Spaces,0 Spaces,0 Spaces,0 Spaces,481
0,Dormitory,0 Spaces,0 Spaces,0 Spaces,0 Spaces,0 Spaces,0 Spaces,0 Spaces,0 Spaces,0 Spaces,0 Spaces,0 Spaces,0 Spaces,0 Spaces,0 Spaces,482
1,Room with 6 places,0 Spaces,0 Spaces,0 Spaces,0 Spaces,0 Spaces,0 Spaces,0 Spaces,0 Spaces,0 Spaces,0 Spaces,0 Spaces,0 Spaces,0 Spaces,0 Spaces,482
2,Unguarded hut,28 Spaces,28 Spaces,28 Spaces,28 Spaces,28 Spaces,26 Spaces,28 Spaces,28 Spaces,28 Spaces,28 Spaces,28 Spaces,28 Spaces,28 Spaces,28 Spaces,482
0,Dormitory,0 Spaces,0 Spaces,0 Spaces,0 Spaces,0 Spaces,0 Spaces,0 Spaces,0 Spaces,0 Spaces,0 Spaces,0 Spaces,0 Spaces,0 Spaces,0 Spaces,483
1,Unguarded hut,9 Spaces,8 Spaces,10 Spaces,10 Spaces,12 Spaces,8 Spaces,3 Spaces,12 Spaces,10 Spaces,12 Spaces,12 Spaces,12 Spaces,12 Spaces,12 Spaces,483
0,reservation_possible,,,,,,,,,,,,,,,484
1,Rooms,,,,,,9 Spaces,9 Spaces,,,,,,9 Spaces,9 Spaces,484
2,Tent,0 Spaces,0 Spaces,0 Spaces,,,6 Spaces,6 Spaces,,,,,,6 Spaces,6 Spaces,484
0,reservation_possible,,,,,,,,,,,,,,,485
1,double rooms,,,,,,,,,,,,,,,485
2,shared bedrooms,,,,,,,,,,,,,,,485
3,large rooms,0 Spaces,0 Spaces,,,,,,,,,,,,,485
0,reservation_possible,,,,,,,,,,,,,,,486
1,Large rooms,0 Spaces,0 Spaces,0 Spaces,,,,,,,,,,,,486
0,reservation_possible,,,,,,,,,,,,,,,487
1,Large rooms,,,,,,,,,,,,,,,487
2,Double Room,,,,,,,,,,,,,,,487
3,Room with 4 places,0 Spaces,0 Spaces,,,,,,,,,,,,,487
0,reservation_possible,,,,,,,,,,,,,,,488
1,large rooms,,,,,,,,,,,,,,,488
2,double rooms,0 Spaces,0 Spaces,,,,,,,,,,,,,488
0,reservation_possible,,,,,,,,,,,,,,,489
1,large rooms,0 Spaces,0 Spaces,,,,,,,,,,,,,489
0,shared bedrooms,33 Spaces,29 Spaces,35 Spaces,35 Spaces,30 Spaces,12 Spaces,0 Spaces,33 Spaces,35 Spaces,35 Spaces,35 Spaces,35 Spaces,13 Spaces,,490
1,large rooms,6 Spaces,10 Spaces,11 Spaces,9 Spaces,11 Spaces,7 Spaces,0 Spaces,9 Spaces,11 Spaces,11 Spaces,10 Spaces,10 Spaces,5 Spaces,,490
0,reservation_possible,,,,,,,,,,,,,,,491
1,large rooms,,,,,,,,,,,,,,,491
2,shared bedrooms,,,,,,,,,,,,,,,491
3,double rooms,0 Spaces,0 Spaces,0 Spaces,,,,,,,,,,,,491
0,reservation_possible,,,,,,,,,,,,,,,492
1,large rooms,,,,,,,,,,,,,,,492
2,shared bedrooms,0 Spaces,0 Spaces,,,,,,,,,,,,,492
0,large rooms,28 Spaces,28 Spaces,0 Spaces,0 Spaces,0 Spaces,3 Spaces,0 Spaces,28 Spaces,28 Spaces,0 Spaces,0 Spaces,0 Spaces,28 Spaces,0 Spaces,493
1,shared bedrooms,13 Spaces,13 Spaces,0 Spaces,0 Spaces,0 Spaces,7 Spaces,0 Spaces,13 Spaces,9 Spaces,0 Spaces,0 Spaces,0 Spaces,13 Spaces,0 Spaces,493
2,double rooms,8 Spaces,8 Spaces,0 Spaces,0 Spaces,0 Spaces,6 Spaces,0 Spaces,8 Spaces,8 Spaces,0 Spaces,0 Spaces,0 Spaces,2 Spaces,0 Spaces,493
0,Large rooms,0 Spaces,0 Spaces,0 Spaces,0 Spaces,0 Spaces,0 Spaces,0 Spaces,0 Spaces,0 Spaces,0 Spaces,0 Spaces,0 Spaces,0 Spaces,0 Spaces,494
1,Unattended operation,24 Spaces,24 Spaces,24 Spaces,24 Spaces,24 Spaces,24 Spaces,6 Spaces,24 Spaces,24 Spaces,24 Spaces,24 Spaces,24 Spaces,24 Spaces,24 Spaces,494
0,reservation_possible,,,,,,,,,,,,,,,497
1,large rooms,0 Spaces,0 Spaces,,,,,,,,,,,,,497
0,Large rooms,0 Spaces,0 Spaces,0 Spaces,0 Spaces,0 Spaces,0 Spaces,0 Spaces,0 Spaces,0 Spaces,0 Spaces,0 Spaces,0 Spaces,0 Spaces,0 Spaces,498
1,Unattended operation,28 Spaces,28 Spaces,28 Spaces,24 Spaces,24 Spaces,28 Spaces,28 Spaces,28 Spaces,28 Spaces,28 Spaces,28 Spaces,28 Spaces,28 Spaces,28 Spaces,498
0,Large rooms,34 Spaces,34 Spaces,34 Spaces,34 Spaces,34 Spaces,34 Spaces,34 Spaces,34 Spaces,34 Spaces,34 Spaces,34 Spaces,34 Spaces,34 Spaces,34 Spaces,500
0,reservation_possible,,,,,,,,,,,,,,,502
1,Shared bedrooms,,,,,,,,,,,,,,,502
2,Large rooms,0 Spaces,0 Spaces,,,,,,,,,,,,,502
0,large rooms,21 Spaces,0 Spaces,0 Spaces,21 Spaces,21 Spaces,20 Spaces,0 Spaces,20 Spaces,21 Spaces,21 Spaces,9 Spaces,21 Spaces,21 Spaces,0 Spaces,503
1,double rooms,2 Spaces,0 Spaces,0 Spaces,2 Spaces,2 Spaces,2 Spaces,0 Spaces,2 Spaces,0 Spaces,2 Spaces,2 Spaces,2 Spaces,0 Spaces,0 Spaces,503
0,reservation_possible,,,,,,,,,,,,,,,504
1,double rooms,,,,,,,,,,,,,,,504
2,dormitories,,,,,,,,,,,,,,,504
3,large rooms,0 Spaces,,,,,,,,,,,,,,504
0,reservation_possible,,,,,,,,,,,,,,,505
1,Large rooms,0 Spaces,0 Spaces,0 Spaces,,,,,,,,,,,,505
0,large rooms,10 Spaces,10 Spaces,10 Spaces,10 Spaces,10 Spaces,10 Spaces,10 Spaces,10 Spaces,10 Spaces,10 Spaces,10 Spaces,10 Spaces,10 Spaces,10 Spaces,506
1,shared bedrooms,10 Spaces,10 Spaces,10 Spaces,10 Spaces,10 Spaces,10 Spaces,10 Spaces,10 Spaces,10 Spaces,10 Spaces,10 Spaces,10 Spaces,10 Spaces,10 Spaces,506
2,Unbewirtschafteter Betrieb,0 Spaces,0 Spaces,0 Spaces,0 Spaces,0 Spaces,0 Spaces,0 Spaces,0 Spaces,0 Spaces,0 Spaces,0 Spaces,0 Spaces,0 Spaces,0 Spaces,506
0,Shared bedrooms,0 Spaces,,,4 Spaces,0 Spaces,0 Spaces,0 Spaces,12 Spaces,,,4 Spaces,10 Spaces,0 Spaces,0 Spaces,507
1,Large rooms,0 Spaces,0 Spaces,0 Spaces,27 Spaces,0 Spaces,26 Spaces,0 Spaces,28 Spaces,,,32 Spaces,32 Spaces,6 Spaces,0 Spaces,507
0,reservation_possible,,,,,,,,,,,,,,,509
1,large rooms,,,,,,,,,,,,,,,509
2,shared bedrooms,0 Spaces,0 Spaces,,,,,,,,,,,,,509
0,Dormitory,28 Spaces,28 Spaces,30 Spaces,30 Spaces,30 Spaces,30 Spaces,30 Spaces,30 Spaces,30 Spaces,30 Spaces,30 Spaces,30 Spaces,28 Spaces,30 Spaces,510
0,Large rooms,0 Spaces,0 Spaces,0 Spaces,0 Spaces,0 Spaces,25 Spaces,19 Spaces,0 Spaces,0 Spaces,0 Spaces,0 Spaces,0 Spaces,25 Spaces,22 Spaces,511
1,Unattended operation,14 Spaces,14 Spaces,14 Spaces,14 Spaces,14 Spaces,0 Spaces,0 Spaces,14 Spaces,14 Spaces,14 Spaces,14 Spaces,14 Spaces,0 Spaces,0 Spaces,511
0,reservation_possible,,,,,,,,,,,,,,,514
1,Large rooms,,,,,,,,,,0 Spaces,0 Spaces,0 Spaces,0 Spaces,0 Spaces,514
2,Unattended operation,0 Spaces,0 Spaces,,,,,,,,,,,,,514
3,winterroom,,,,,,,,,,10 Spaces,10 Spaces,10 Spaces,10 Spaces,10 Spaces,514
0,Unattended operation,10 Spaces,10 Spaces,10 Spaces,10 Spaces,10 Spaces,10 Spaces,0 Spaces,10 Spaces,10 Spaces,10 Spaces,10 Spaces,10 Spaces,10 Spaces,10 Spaces,515
0,reservation_possible,,,,,,,,,,,,,,,516
1,Dormitory,,,,,,,,,,,,,,,516
2,Tent,0 Spaces,0 Spaces,,,,,,,,,,,,,516
0,Rooms,27 Spaces,27 Spaces,27 Spaces,27 Spaces,27 Spaces,27 Spaces,27 Spaces,27 Spaces,27 Spaces,27 Spaces,27 Spaces,27 Spaces,27 Spaces,27 Spaces,518
0,reservation_possible,,,,,,,,,,,,,,,520
1,Shared bedrooms,0 Spaces,0 Spaces,,,,,,,,,,,,,520
0,Small rooms,67 Spaces,58 Spaces,65 Spaces,67 Spaces,67 Spaces,67 Spaces,0 Spaces,,,,,,,,525
0,Large rooms,12 Spaces,12 Spaces,12 Spaces,12 Spaces,12 Spaces,12 Spaces,12 Spaces,12 Spaces,12 Spaces,12 Spaces,12 Spaces,12 Spaces,12 Spaces,12 Spaces,527
1,Unattended operation,0 Spaces,0 Spaces,0 Spaces,0 Spaces,0 Spaces,0 Spaces,0 Spaces,0 Spaces,0 Spaces,0 Spaces,0 Spaces,0 Spaces,0 Spaces,0 Spaces,527
0,Large rooms,8 Spaces,15 Spaces,13 Spaces,15 Spaces,15 Spaces,15 Spaces,0 Spaces,15 Spaces,15 Spaces,15 Spaces,15 Spaces,15 Spaces,13 Spaces,0 Spaces,528
1,Unserviced mode,0 Spaces,0 Spaces,0 Spaces,0 Spaces,0 Spaces,0 Spaces,0 Spaces,0 Spaces,0 Spaces,0 Spaces,0 Spaces,0 Spaces,0 Spaces,0 Spaces,528
0,reservation_possible,,,,,,,,,,,,,,,530
1,Large rooms,,,,,,,,,,,,,,,530
2,Special Room,0 Spaces,0 Spaces,0 Spaces,,,,,,,,,,,,530
0,Double Room,0 Spaces,0 Spaces,0 Spaces,0 Spaces,0 Spaces,0 Spaces,0 Spaces,0 Spaces,0 Spaces,0 Spaces,0 Spaces,0 Spaces,0 Spaces,0 Spaces,531
1,Room with 4 places,0 Spaces,0 Spaces,0 Spaces,0 Spaces,0 Spaces,0 Spaces,0 Spaces,0 Spaces,0 Spaces,0 Spaces,0 Spaces,0 Spaces,0 Spaces,0 Spaces,531
2,Large rooms,0 Spaces,0 Spaces,0 Spaces,0 Spaces,0 Spaces,0 Spaces,0 Spaces,0 Spaces,0 Spaces,0 Spaces,0 Spaces,0 Spaces,0 Spaces,0 Spaces,531
0,reservation_possible,,,,,,,,,,,,,,,536
1,Large rooms,0 Spaces,0 Spaces,0 Spaces,,,,,,,,,,,,536
0,Large rooms,1 Spaces,1 Spaces,1 Spaces,1 Spaces,1 Spaces,0 Spaces,0 Spaces,1 Spaces,1 Spaces,1 Spaces,1 Spaces,1 Spaces,1 Spaces,0 Spaces,537
0,Shared bedrooms,1 Spaces,1 Spaces,1 Spaces,1 Spaces,1 Spaces,0 Spaces,0 Spaces,1 Spaces,1 Spaces,1 Spaces,1 Spaces,1 Spaces,1 Spaces,1 Spaces,538
1,Unserviced mode,0 Spaces,0 Spaces,0 Spaces,0 Spaces,0 Spaces,0 Spaces,0 Spaces,0 Spaces,0 Spaces,0 Spaces,0 Spaces,0 Spaces,0 Spaces,0 Spaces,538
0,Dormitory,20 Spaces,20 Spaces,20 Spaces,20 Spaces,18 Spaces,20 Spaces,20 Spaces,20 Spaces,20 Spaces,20 Spaces,20 Spaces,20 Spaces,20 Spaces,20 Spaces,539
1,Unguarded hut,0 Spaces,0 Spaces,0 Spaces,0 Spaces,0 Spaces,0 Spaces,0 Spaces,0 Spaces,0 Spaces,0 Spaces,0 Spaces,0 Spaces,0 Spaces,0 Spaces,539
0,Room with 4 places,28 Spaces,28 Spaces,28 Spaces,28 Spaces,28 Spaces,28 Spaces,28 Spaces,28 Spaces,28 Spaces,28 Spaces,28 Spaces,28 Spaces,24 Spaces,28 Spaces,540
0,Dormitory,16 Spaces,16 Spaces,16 Spaces,16 Spaces,16 Spaces,16 Spaces,16 Spaces,16 Spaces,16 Spaces,16 Spaces,16 Spaces,16 Spaces,16 Spaces,16 Spaces,543
0,reservation_possible,,,,,,,,,,,,,,,545
1,single room,,,,,,,,,,,,,,,545
2,shared bedrooms,,,,,,,,,,,,,,,545
3,large rooms,0 Spaces,0 Spaces,,,,,,,,,,,,,545
0,reservation_possible,,,,,,,,,,,,,,,546
1,Large rooms,,,,,,,,,,,,,,,546
2,Shared bedrooms,,,,,,,,,,,,,,,546
3,Double rooms,0 Spaces,0 Spaces,,,,,,,,,,,,,546
0,Large rooms,22 Spaces,22 Spaces,22 Spaces,22 Spaces,22 Spaces,0 Spaces,0 Spaces,22 Spaces,22 Spaces,22 Spaces,22 Spaces,22 Spaces,0 Spaces,0 Spaces,547
0,Large rooms,8 Spaces,8 Spaces,8 Spaces,8 Spaces,8 Spaces,8 Spaces,8 Spaces,8 Spaces,8 Spaces,8 Spaces,8 Spaces,8 Spaces,8 Spaces,8 Spaces,548
1,Unattended operation,0 Spaces,0 Spaces,0 Spaces,0 Spaces,0 Spaces,0 Spaces,0 Spaces,0 Spaces,0 Spaces,0 Spaces,0 Spaces,0 Spaces,0 Spaces,0 Spaces,548
0,reservation_possible,,,,,,,,,,,,,,,549
1,Small rooms,0 Spaces,0 Spaces,,,,,,,,,,,,,549
0,reservation_possible,,,,,,,,,,,,,,,550
1,Room with 8 places,0 Spaces,0 Spaces,,,,,,,,,,,,,550
0,reservation_possible,,,,,,,,,,,,,,,555
1,large rooms,,,,,,,,,,,,,,,555
2,shared bedrooms,0 Spaces,0 Spaces,,,,,,,,,,,,,555
0,large rooms,20 Spaces,20 Spaces,20 Spaces,20 Spaces,20 Spaces,20 Spaces,20 Spaces,20 Spaces,20 Spaces,20 Spaces,20 Spaces,20 Spaces,20 Spaces,20 Spaces,556
1,shared bedrooms,20 Spaces,20 Spaces,20 Spaces,20 Spaces,20 Spaces,20 Spaces,20 Spaces,20 Spaces,20 Spaces,20 Spaces,20 Spaces,20 Spaces,20 Spaces,20 Spaces,556
0,Large rooms,0 Spaces,0 Spaces,0 Spaces,0 Spaces,0 Spaces,0 Spaces,0 Spaces,0 Spaces,0 Spaces,0 Spaces,0 Spaces,0 Spaces,0 Spaces,0 Spaces,558
1,Unattended operation,12 Spaces,12 Spaces,12 Spaces,12 Spaces,12 Spaces,12 Spaces,0 Spaces,12 Spaces,12 Spaces,12 Spaces,12 Spaces,12 Spaces,12 Spaces,12 Spaces,558
0,Unattended operation,10 Spaces,10 Spaces,10 Spaces,10 Spaces,10 Spaces,10 Spaces,10 Spaces,10 Spaces,10 Spaces,10 Spaces,10 Spaces,10 Spaces,10 Spaces,10 Spaces,559
0,reservation_possible,,,,,,,,,,,,,,,561
1,Double rooms,,,,,,,,,,,,,,,561
2,Shared bedrooms,,,,,,,,,,,,,,,561
3,Large rooms,0 Spaces,0 Spaces,,,,,,,,,,,,,561
0,Shared bedrooms,8 Spaces,8 Spaces,11 Spaces,14 Spaces,12 Spaces,5 Spaces,0 Spaces,5 Spaces,14 Spaces,14 Spaces,10 Spaces,14 Spaces,11 Spaces,0 Spaces,562
1,Large rooms,14 Spaces,36 Spaces,36 Spaces,36 Spaces,36 Spaces,36 Spaces,0 Spaces,36 Spaces,36 Spaces,36 Spaces,3 Spaces,33 Spaces,33 Spaces,0 Spaces,562
2,Dog room,7 Spaces,7 Spaces,9 Spaces,9 Spaces,9 Spaces,4 Spaces,0 Spaces,8 Spaces,9 Spaces,9 Spaces,9 Spaces,9 Spaces,0 Spaces,0 Spaces,562
0,reservation_possible,,,,,,,,,,,,,,,563
1,Double rooms,,,,,,,,,,,,,,,563
2,Shared bedrooms,,,,,,,,,,,,,,,563
3,Large rooms,0 Spaces,0 Spaces,,,,,,,,,,,,,563
0,Rooms,47 Spaces,47 Spaces,47 Spaces,47 Spaces,47 Spaces,47 Spaces,47 Spaces,47 Spaces,47 Spaces,47 Spaces,47 Spaces,47 Spaces,47 Spaces,0 Spaces,565
1,Double room,2 Spaces,2 Spaces,2 Spaces,2 Spaces,2 Spaces,2 Spaces,2 Spaces,2 Spaces,2 Spaces,2 Spaces,2 Spaces,2 Spaces,2 Spaces,0 Spaces,565
0,Large rooms,0 Spaces,0 Spaces,0 Spaces,0 Spaces,0 Spaces,0 Spaces,0 Spaces,0 Spaces,0 Spaces,0 Spaces,0 Spaces,0 Spaces,0 Spaces,5 Spaces,566
1,Unattended operation,12 Spaces,12 Spaces,12 Spaces,12 Spaces,12 Spaces,12 Spaces,0 Spaces,10 Spaces,12 Spaces,12 Spaces,12 Spaces,12 Spaces,6 Spaces,0 Spaces,566
0,Large rooms,14 Spaces,14 Spaces,14 Spaces,14 Spaces,14 Spaces,14 Spaces,14 Spaces,14 Spaces,14 Spaces,14 Spaces,14 Spaces,14 Spaces,14 Spaces,14 Spaces,567
1,Unattended operation,0 Spaces,0 Spaces,0 Spaces,0 Spaces,0 Spaces,0 Spaces,0 Spaces,0 Spaces,0 Spaces,0 Spaces,0 Spaces,0 Spaces,0 Spaces,0 Spaces,567
0,Large rooms,12 Spaces,12 Spaces,14 Spaces,14 Spaces,14 Spaces,14 Spaces,14 Spaces,14 Spaces,14 Spaces,14 Spaces,14 Spaces,14 Spaces,14 Spaces,14 Spaces,568
1,Unattended operation,0 Spaces,0 Spaces,0 Spaces,0 Spaces,0 Spaces,0 Spaces,0 Spaces,0 Spaces,0 Spaces,0 Spaces,0 Spaces,0 Spaces,0 Spaces,0 Spaces,568
0,reservation_possible,,,,,,,,,,,,,,,569
1,Large rooms,0 Spaces,0 Spaces,,,,,,,,,,,,,569
0,reservation_possible,,,,,,,,,,,,,,,570
1,large rooms,0 Spaces,,,,,,,,,,,,,,570
0,Shared bedrooms,26 Spaces,26 Spaces,24 Spaces,24 Spaces,24 Spaces,26 Spaces,26 Spaces,26 Spaces,26 Spaces,26 Spaces,26 Spaces,26 Spaces,26 Spaces,0 Spaces,571
0,reservation_possible,,,,,,,,,,,,,,,573
1,Large rooms,0 Spaces,,,,,,,,,,,,,,573
0,reservation_possible,,,,,,,,,,,,,,,574
1,Large rooms,0 Spaces,0 Spaces,,,,,,,,,,,,,574
0,Large rooms,20 Spaces,20 Spaces,20 Spaces,20 Spaces,20 Spaces,2 Spaces,14 Spaces,20 Spaces,20 Spaces,20 Spaces,20 Spaces,20 Spaces,10 Spaces,20 Spaces,575
0,Large rooms,32 Spaces,,,31 Spaces,30 Spaces,31 Spaces,2 Spaces,32 Spaces,,,32 Spaces,32 Spaces,27 Spaces,7 Spaces,576
1,Shared bedrooms,9 Spaces,,,8 Spaces,1 Spaces,6 Spaces,0 Spaces,9 Spaces,,,5 Spaces,12 Spaces,4 Spaces,4 Spaces,576
2,Double rooms,6 Spaces,0 Spaces,,4 Spaces,3 Spaces,0 Spaces,0 Spaces,6 Spaces,,,1 Spaces,6 Spaces,2 Spaces,0 Spaces,576
0,reservation_possible,,,,,,,,,,,,,,,577
1,large rooms,,,,,,,,,,,,,,,577
2,shared bedrooms,0 Spaces,0 Spaces,,,,,,,,,,,,,577
0,reservation_possible,,,,,,,,,,,,,,,578
1,shared bedrooms,,,,,,,,,,,,,,,578
2,large rooms,,,,,,,,,,,,,,,578
3,double rooms,0 Spaces,0 Spaces,,,,,,,,,,,,,578
0,reservation_possible,,,,,,,,,,,,,,,579
1,Large rooms,0 Spaces,0 Spaces,,,,,,,,,,,,,579
0,Dormitory,5 Spaces,5 Spaces,2 Spaces,5 Spaces,5 Spaces,5 Spaces,5 Spaces,5 Spaces,5 Spaces,5 Spaces,5 Spaces,5 Spaces,5 Spaces,5 Spaces,580
1,Unguarded hut,0 Spaces,0 Spaces,0 Spaces,0 Spaces,0 Spaces,0 Spaces,0 Spaces,0 Spaces,0 Spaces,0 Spaces,0 Spaces,0 Spaces,0 Spaces,0 Spaces,580
0,Dormitory,0 Spaces,0 Spaces,0 Spaces,0 Spaces,0 Spaces,0 Spaces,0 Spaces,0 Spaces,0 Spaces,0 Spaces,0 Spaces,0 Spaces,0 Spaces,0 Spaces,581
1,Unguarded hut,8 Spaces,8 Spaces,8 Spaces,8 Spaces,8 Spaces,8 Spaces,8 Spaces,8 Spaces,8 Spaces,8 Spaces,8 Spaces,8 Spaces,8 Spaces,8 Spaces,581
0,Rooms,45 Spaces,0 Spaces,0 Spaces,0 Spaces,0 Spaces,44 Spaces,39 Spaces,0 Spaces,0 Spaces,0 Spaces,0 Spaces,0 Spaces,45 Spaces,0 Spaces,582
1,Unguarded hut,0 Spaces,30 Spaces,30 Spaces,30 Spaces,30 Spaces,0 Spaces,0 Spaces,30 Spaces,30 Spaces,30 Spaces,30 Spaces,30 Spaces,0 Spaces,12 Spaces,582
0,reservation_possible,,,,,,,,,,,,,,,583
1,Rooms,0 Spaces,0 Spaces,,,,,,,,,,,,,583
0,Unguarded hut,16 Spaces,16 Spaces,16 Spaces,16 Spaces,16 Spaces,16 Spaces,14 Spaces,16 Spaces,16 Spaces,16 Spaces,16 Spaces,16 Spaces,16 Spaces,16 Spaces,584
0,Large rooms,18 Spaces,17 Spaces,18 Spaces,18 Spaces,18 Spaces,0 Spaces,16 Spaces,18 Spaces,18 Spaces,18 Spaces,18 Spaces,18 Spaces,18 Spaces,16 Spaces,589
1,Room with 8 places,8 Spaces,8 Spaces,8 Spaces,3 Spaces,8 Spaces,4 Spaces,8 Spaces,8 Spaces,8 Spaces,8 Spaces,8 Spaces,8 Spaces,8 Spaces,8 Spaces,589
0,Double rooms,10 Spaces,10 Spaces,10 Spaces,10 Spaces,10 Spaces,8 Spaces,0 Spaces,10 Spaces,10 Spaces,10 Spaces,10 Spaces,10 Spaces,10 Spaces,10 Spaces,591
1,Shared bedrooms,19 Spaces,19 Spaces,19 Spaces,19 Spaces,19 Spaces,15 Spaces,1 Spaces,19 Spaces,19 Spaces,19 Spaces,19 Spaces,19 Spaces,19 Spaces,19 Spaces,591
2,Large rooms,23 Spaces,23 Spaces,23 Spaces,23 Spaces,23 Spaces,23 Spaces,23 Spaces,23 Spaces,23 Spaces,23 Spaces,23 Spaces,23 Spaces,23 Spaces,23 Spaces,591
0,Large rooms,32 Spaces,30 Spaces,33 Spaces,34 Spaces,34 Spaces,32 Spaces,32 Spaces,29 Spaces,34 Spaces,29 Spaces,29 Spaces,34 Spaces,34 Spaces,34 Spaces,592
1,Special Room,4 Spaces,4 Spaces,4 Spaces,4 Spaces,4 Spaces,4 Spaces,4 Spaces,4 Spaces,4 Spaces,4 Spaces,4 Spaces,4 Spaces,4 Spaces,4 Spaces,592
0,Dormitory,0 Spaces,0 Spaces,0 Spaces,0 Spaces,0 Spaces,0 Spaces,0 Spaces,0 Spaces,0 Spaces,0 Spaces,0 Spaces,0 Spaces,0 Spaces,0 Spaces,594
1,Unguarded hut,4 Spaces,4 Spaces,4 Spaces,4 Spaces,4 Spaces,4 Spaces,4 Spaces,4 Spaces,4 Spaces,4 Spaces,4 Spaces,4 Spaces,4 Spaces,4 Spaces,594
0,large rooms,30 Spaces,30 Spaces,30 Spaces,30 Spaces,20 Spaces,30 Spaces,0 Spaces,30 Spaces,30 Spaces,30 Spaces,30 Spaces,30 Spaces,30 Spaces,21 Spaces,596
0,double rooms,8 Spaces,8 Spaces,8 Spaces,8 Spaces,8 Spaces,8 Spaces,8 Spaces,8 Spaces,8 Spaces,8 Spaces,8 Spaces,8 Spaces,8 Spaces,8 Spaces,597
1,shared bedrooms,4 Spaces,4 Spaces,4 Spaces,4 Spaces,4 Spaces,4 Spaces,4 Spaces,4 Spaces,4 Spaces,4 Spaces,4 Spaces,4 Spaces,4 Spaces,4 Spaces,597
2,large rooms,25 Spaces,25 Spaces,25 Spaces,25 Spaces,25 Spaces,25 Spaces,25 Spaces,25 Spaces,25 Spaces,25 Spaces,25 Spaces,25 Spaces,25 Spaces,25 Spaces,597
0,Dormitory,10 Spaces,10 Spaces,10 Spaces,10 Spaces,10 Spaces,10 Spaces,10 Spaces,10 Spaces,10 Spaces,10 Spaces,10 Spaces,10 Spaces,10 Spaces,10 Spaces,598
1,Unguarded hut,0 Spaces,0 Spaces,0 Spaces,0 Spaces,0 Spaces,0 Spaces,0 Spaces,0 Spaces,0 Spaces,0 Spaces,0 Spaces,0 Spaces,0 Spaces,0 Spaces,598
0,Shared bedrooms,8 Spaces,0 Spaces,,8 Spaces,8 Spaces,8 Spaces,0 Spaces,8 Spaces,,,8 Spaces,8 Spaces,1 Spaces,1 Spaces,602
0,Large rooms,14 Spaces,14 Spaces,14 Spaces,14 Spaces,14 Spaces,14 Spaces,10 Spaces,14 Spaces,14 Spaces,14 Spaces,14 Spaces,14 Spaces,14 Spaces,14 Spaces,603
1,Unattended operation,0 Spaces,0 Spaces,0 Spaces,0 Spaces,0 Spaces,0 Spaces,0 Spaces,0 Spaces,0 Spaces,0 Spaces,0 Spaces,0 Spaces,0 Spaces,0 Spaces,603
0,reservation_possible,,,,,,,,,,,,,,,606
1,Large rooms,0 Spaces,0 Spaces,,,,,,,,,,,,,606
0,Shared bedrooms,9 Spaces,9 Spaces,9 Spaces,9 Spaces,9 Spaces,9 Spaces,9 Spaces,9 Spaces,9 Spaces,9 Spaces,9 Spaces,9 Spaces,9 Spaces,4 Spaces,610
1,Double rooms,6 Spaces,6 Spaces,6 Spaces,6 Spaces,6 Spaces,6 Spaces,2 Spaces,6 Spaces,6 Spaces,6 Spaces,6 Spaces,6 Spaces,6 Spaces,6 Spaces,610
0,Shared bedrooms,46 Spaces,46 Spaces,46 Spaces,46 Spaces,46 Spaces,25 Spaces,25 Spaces,43 Spaces,43 Spaces,43 Spaces,46 Spaces,38 Spaces,8 Spaces,8 Spaces,611
0,Shared bedrooms,0 Spaces,0 Spaces,0 Spaces,0 Spaces,0 Spaces,0 Spaces,0 Spaces,0 Spaces,0 Spaces,0 Spaces,0 Spaces,0 Spaces,0 Spaces,0 Spaces,612
1,Large rooms,0 Spaces,0 Spaces,0 Spaces,0 Spaces,0 Spaces,0 Spaces,0 Spaces,0 Spaces,0 Spaces,0 Spaces,0 Spaces,0 Spaces,0 Spaces,0 Spaces,612
2,Unserviced mode,10 Spaces,10 Spaces,10 Spaces,9 Spaces,10 Spaces,10 Spaces,8 Spaces,10 Spaces,10 Spaces,10 Spaces,10 Spaces,10 Spaces,10 Spaces,10 Spaces,612
0,Large rooms,8 Spaces,8 Spaces,7 Spaces,7 Spaces,7 Spaces,0 Spaces,0 Spaces,0 Spaces,0 Spaces,,,,,,613
1,Shared bedrooms,25 Spaces,19 Spaces,25 Spaces,25 Spaces,23 Spaces,0 Spaces,0 Spaces,0 Spaces,0 Spaces,,,,,,613
0,reservation_possible,,,,,,,,,,,,,,,614
1,Large rooms,0 Spaces,0 Spaces,,,,,,,,,,,,,614
0,reservation_possible,,,,,,,,,,,,,,,615
1,Large rooms,0 Spaces,0 Spaces,0 Spaces,,,,,,,,,,,,615
0,Large rooms,20 Spaces,20 Spaces,20 Spaces,20 Spaces,20 Spaces,20 Spaces,15 Spaces,20 Spaces,20 Spaces,20 Spaces,20 Spaces,20 Spaces,20 Spaces,20 Spaces,617
1,Double rooms,14 Spaces,16 Spaces,16 Spaces,16 Spaces,16 Spaces,8 Spaces,0 Spaces,16 Spaces,16 Spaces,16 Spaces,16 Spaces,16 Spaces,16 Spaces,14 Spaces,617
2,Unserviced mode,0 Spaces,0 Spaces,0 Spaces,0 Spaces,0 Spaces,0 Spaces,0 Spaces,0 Spaces,0 Spaces,0 Spaces,0 Spaces,0 Spaces,0 Spaces,0 Spaces,617
0,reservation_possible,,,,,,,,,,,,,,,641
1,Multi-bed room,,,,,,,,,,,,,,,641
2,Dormitory,,,,,,,,,,,,,,,641
3,Double room,0 Spaces,0 Spaces,0 Spaces,0 Spaces,0 Spaces,,,,,,,,,,641
0,Double room,2 Spaces,2 Spaces,2 Spaces,2 Spaces,2 Spaces,2 Spaces,2 Spaces,2 Spaces,2 Spaces,2 Spaces,2 Spaces,2 Spaces,2 Spaces,2 Spaces,642
1,Multi-bed room,18 Spaces,18 Spaces,18 Spaces,18 Spaces,18 Spaces,18 Spaces,18 Spaces,18 Spaces,18 Spaces,18 Spaces,18 Spaces,18 Spaces,18 Spaces,18 Spaces,642
2,Dormitory,46 Spaces,46 Spaces,46 Spaces,46 Spaces,46 Spaces,46 Spaces,46 Spaces,46 Spaces,46 Spaces,46 Spaces,46 Spaces,46 Spaces,46 Spaces,46 Spaces,642
0,reservation_possible,,,,,,,,,,,,,,,648
1,Large rooms,,,,,,,,,,,,,,,648
2,Shared bedrooms,,,,,,,,,,,,,,,648
3,Double rooms,0 Spaces,0 Spaces,,,,,,,,,,,,,648
0,large rooms,31 Spaces,32 Spaces,32 Spaces,32 Spaces,32 Spaces,27 Spaces,32 Spaces,32 Spaces,32 Spaces,32 Spaces,32 Spaces,32 Spaces,32 Spaces,32 Spaces,649
0,reservation_possible,,,,,,,,,,,,,,,650
1,Large rooms,,,,,,,,,,,,,,,650
2,Shared bedrooms,0 Spaces,0 Spaces,,,,,,,,,,,,,650
0,Double Room,9 Spaces,9 Spaces,9 Spaces,9 Spaces,9 Spaces,9 Spaces,9 Spaces,9 Spaces,9 Spaces,9 Spaces,9 Spaces,9 Spaces,9 Spaces,9 Spaces,653
1,Room with 4 places,8 Spaces,8 Spaces,8 Spaces,8 Spaces,8 Spaces,8 Spaces,4 Spaces,8 Spaces,8 Spaces,8 Spaces,8 Spaces,8 Spaces,8 Spaces,8 Spaces,653
2,Room with 8 places,16 Spaces,16 Spaces,16 Spaces,16 Spaces,16 Spaces,16 Spaces,16 Spaces,16 Spaces,16 Spaces,16 Spaces,16 Spaces,16 Spaces,16 Spaces,16 Spaces,653
3,Large rooms,16 Spaces,16 Spaces,16 Spaces,16 Spaces,16 Spaces,16 Spaces,16 Spaces,16 Spaces,16 Spaces,16 Spaces,16 Spaces,16 Spaces,16 Spaces,16 Spaces,653
0,reservation_possible,,,,,,,,,,,,,,,654
1,Shared bedrooms,,,,,,,,,,,,,,,654
2,Large rooms,,,,,,,,,,,,,,,654
3,Dog room,0 Spaces,0 Spaces,,,,,,,,,,,,,654
0,reservation_possible,,,,,,,,,,,,,,,655
1,Shared bedrooms,,,,,,,,,,,,,,,655
2,Large rooms,0 Spaces,,,,,,,,,,,,,,655
0,Large rooms,14 Spaces,10 Spaces,8 Spaces,12 Spaces,14 Spaces,14 Spaces,0 Spaces,14 Spaces,14 Spaces,14 Spaces,14 Spaces,14 Spaces,14 Spaces,8 Spaces,656
0,reservation_possible,,,,,,,,,,,,,,,661
1,Double Room,,,,,,,,,,,,,,,661
2,Small rooms,,,,,,,,,,,,,,,661
3,Large rooms,0 Spaces,0 Spaces,,,,,,,,,,,,,661
0,Small rooms,28 Spaces,28 Spaces,27 Spaces,28 Spaces,22 Spaces,28 Spaces,,,,,,,,,663
0,Special Room,12 Spaces,12 Spaces,0 Spaces,0 Spaces,12 Spaces,12 Spaces,12 Spaces,,,,,,,,664
1,Large rooms,10 Spaces,10 Spaces,0 Spaces,0 Spaces,10 Spaces,10 Spaces,10 Spaces,,,,,,,,664
2,Room with 8 places,8 Spaces,8 Spaces,0 Spaces,0 Spaces,8 Spaces,8 Spaces,8 Spaces,,,,,,,,664
3,Double Room,0 Spaces,0 Spaces,0 Spaces,0 Spaces,0 Spaces,0 Spaces,0 Spaces,,,,,,,,664
0,Large rooms,24 Spaces,24 Spaces,24 Spaces,24 Spaces,24 Spaces,24 Spaces,24 Spaces,24 Spaces,24 Spaces,24 Spaces,24 Spaces,24 Spaces,24 Spaces,24 Spaces,665
1,Unattended operation,0 Spaces,0 Spaces,0 Spaces,0 Spaces,0 Spaces,0 Spaces,0 Spaces,0 Spaces,0 Spaces,0 Spaces,0 Spaces,0 Spaces,0 Spaces,0 Spaces,665
0,Large rooms,20 Spaces,16 Spaces,18 Spaces,20 Spaces,18 Spaces,0 Spaces,,,,,,,,,666
0,reservation_possible,,,,,,,,,,,,,,,667
1,Shared bedrooms,,,,,,,,,,,,,,,667
2,Large rooms,0 Spaces,0 Spaces,0 Spaces,0 Spaces,,,,,,,,,,,667
0,Small rooms,12 Spaces,,,,,,,,,,,,,,668
1,Large rooms,24 Spaces,,,,,,,,,,,,,,668
2,Unattended operation,0 Spaces,,,,,,,,,,,,,,668
0,reservation_possible,,,,,,,,,,,,,,,670
1,Large rooms,0 Spaces,0 Spaces,,,,,,,,,,,,,670
0,reservation_possible,,,,,,,,,,,,,,,672
1,Large rooms,0 Spaces,0 Spaces,,,,,,,,,,,,,672
